,text,target
116,sobre o caos. conversa que se desdobra e se refaz em mim.,0.0
510,"o cvv - centro de valorizacao da vida realiza apoio emocional e prevencao do suicidio sob total sigilo por telefone, email e chat 24h todos os dias, nao hesitem em pedir ajuda. 188  caso precisem de ajuda ou queiram desabafar pode me chamar pela dm tambem, fiquem todos bem ",1.0
336,"comenta um """" que eu falo o que eu acho bonito em voce ",0.0
501,voce ter um trauma de infancia e algo tao toxico que afeta todos os ambitos da sua vida. eu por exemplo vou dormir feliz e acordo muito mal todos os dias. todas as manhas eu tenho pesadelos que sempre me levam de volta para tudo que eu queria esquecer.,1.0
326,"minha dm esta aberta pra quem quiser desabafar, conversar com alguem ou pra conselhos &lt;3 ",0.0
456,"assistindo a mais um episodio do  fiquei ainda mais fa e admiradora de . que atriz incrivel, meu deus!",0.0
477,lembrar que qualquer coisa que custe a sua paz e cara demais.,0.0
103,video super importante para toda nossa sociedade!,0.0
4,"sabia que se vc digitar ""suicide"" no google aparece o telefone do centro de valorizacao da vida ? palmas.",1.0
214,faltam 10 dias *,0.0
468,tudo que se cala o corpo fala. aprenda a se posicionar quando necessario. seja gentil com voce.,0.0
652,ainda nao superei essa .,0.0
191,importantissimo,0.0
247,"fique atento, sempre ha alguem do seu lado precisando de ajuda !   ",1.0
271,seja solidario.  voce nunca sabe o que a outra pessoa esta passando.,1.0
539,"eu nao serei uma  eu nao serei suicida, nao vou cometer suicidio.   ",1.0
581,"psicologa clinica | pos graduanda em neuropsicologia | crp 08/27543 ""de uma chance para voce mesmo, cuidar da sua saude mental e muito importante, faca psicoterapia!""    ",1.0
44,vale a pena conferir!,0.0
159,voces sabiam que existe um centro de valorizacao da vida no brasil?,1.0
343,falar e a melhor solucao!  - juntos,0.0
315,"se quiser conversar, chama na dm. ",0.0
658,"as incertezas em relacao ao futuro e a inseguranca no trabalho, somados a jornadas exaustivas, atividades estressantes, discriminacao e metas abusivas, por exemplo, tem levado varios trabalhadores ao limite da .",0.0
546,"tambem nao as julguem.  bom e isso, espero que a thread tenha sido relevante e que possa ajudar alguem de alguma forma, ou apenas conscientizar.  se alguem precisar conversar meu pv estara aberto para todos, ou ligue para 188 (cvv; centro de valorizacao da vida)",1.0
39,boraa,0.0
498," 188 liga la, centro de valorizacao da vida. melhoras",1.0
239,a nova campanha do setembro amarelo e homenagear algum amg seu colocando a foto dele no seu perfil do whatsapp,1.0
126,vou ter que assistir um episodio,0.0
678,"informacao nao e formacao!! voce pode ter informacoes a respeito de um assunto, mas isso nao te faz especialista nele, busque ajuda profissional! sua saude agradece!!   ",0.0
395,"se vc pesquisar ""como se matar"" no ytb aparece o numero do centro de valorizacao da vida  que amor",1.0
523,"cvv(centro de valorizacao da vida):voce e atendido por um voluntario,com respeito, anonimato,que guardara estrito sigilo sobre tudo que for dito e de forma gratuita.os voluntarios sao treinados para conversar com todas as pessoas que procuram ajuda e apoio emocional.",1.0
144," e o numero do cvv, centro de valorizacao da vida. qualquer coisa...",1.0
371,"bora entrar na onda da modinha. comente "" "" que direi o que mais acho bonito em voce. .",0.0
249,meu espirito falhou no,0.0
213,"facil postar  , dificil ajudar alguem que esta precisando!",0.0
520,tem o numero 188 que e do centro de valorizacao da vida que existem pessoas prontas p ouvir e ajudar nesses casos   indiquem formas de ajudar e deem o maximo de suporte amor e carinho,1.0
374,o encontro foi lindo!,0.0
293,todos temos motivos para lutar pela vida.,1.0
517,ginasio para muitos nao e somente uma questao de estetica !!   e sim um remedio !!    depoimento de uma aluna online !!,0.0
161,uai! achei q cada dia da semana era uma hist diferente tipo   e q elas n se conectavam :s,0.0
655,"tuite do meio dia!   voce precisa se sentir feliz pelo que voce tem, e onde voce esta, nao importa onde e como esteja, sua felicidade deve ser ai.            ",0.0
335,"caso alguem tenha ou esta tendo problemas com depressao, por favor me chama chat ou whats. eu ja tive e posso ajudar. ",1.0
644,cheguei no auge da vida em que posto alguma coisa sobre minha saude mental nos stories e um monte de psicologos comecam a me seguir.    nao temos.,1.0
418,"por favor, pelo menos tres dos meus amigos do facebook, poderiam copiar e colar essa informacao? linha de prevencao ao suicidio: 188.  alguem pode fazer?  numero da cvv - centro de valorizacao da vida e 188.",1.0
17,nilsa madsen explica o trabalho realizado no centro de valorizacao da vida.,1.0
660,"a ideia central sobre se relacionar e estar com alguem que venha pra somar, que te motive a ser uma pessoa melhor a cada dia, nao com uma pessoa que te diminui, destroi o seu emocional e ainda complica a sua vida.      ",1.0
62,o centro de valorizacao da vida atua de maneira relevante na prevencao do suicidio em todo o brasil 24h atraves do numero 141,1.0
57,consultar um psicologo e uma atitude de coragem. ligue no (0xx11) 3101-8449 e agende seu horario.,1.0
485,contem 197 recursos para  e  na pandemia.,1.0
441,"sim, a cabeca de ninguem resiste a ficar em casa sozinho e isolado. entao o que podemos fazer oara ajudar essas pessoas? e se eu sou a pessoa enlouquecendo o que eu posso fazer pra me manter vivo?  ",1.0
424,fiz esse alerta so para reforcar  precisar de ajuda e so chamar no direct  respondo o mais rapido possivel,1.0
321,"eu queria estar na academia brasileira de letras, assistindo a palestra sobre mutilacao e suicidio sim   ",1.0
125,"programa sobre saude mental, agora.     ",1.0
199,"bla bla bla ...   comenta """" que eu falo o que eu acho bonito/gosto em voce... ",0.0
200,"se ame mais, se ache mais porque vc e alguem sim, e vc pode !!!  ",0.0
434,a vida nos torna mais fortes a cada experiencia vivida!,0.0
229,quem tem o thiago nao sofre de depressao,1.0
576,a yag ja ta pouca desgracada da cabeca ai ela vai la e assiste  no,0.0
453,pra mim e aprender a dizer nao!,0.0
207,"com o lollapalooza ai fica facil se matar mesmo, com o tanto de idiota que ta brotando na minha timeline. ",0.0
324,"temos que aprender que mesmo a imaturidade de ser verificada e  nao descartada, empatia e um meio de ajudar e educar. ",1.0
483,"estar com sua saude mental plena, e a melhor coisa que um ser humano pode conseguir   seja gentil com voce  aprendendo aos poucos a cultivar a sua liberdade    ",1.0
82,pq existe um centro de valorizacao da vida?,1.0
363,diga nao ao suicidio,1.0
337,"a proposito, informacao util para o : se vc faz uso de medicamento continuo, pode pedir na justica.",0.0
13,seja sua propria luz.   be your own light.,0.0
129,"""existe uma linha muito tenue entre se preocupar e se sacrificar"" ",0.0
278,"abrace, acolha, zele, ame, faca se presente, seja cura. seja luz. seja amor. seja alma. seja.  ",0.0
375,"o silencio pode dizer muito.  ouca, alem do que lhe dizem. oferece um ombro e um bom conselho sempre.   ",1.0
49,a  presso,0.0
157,centro de valorizacao da vida,1.0
387,"e daqui a pouco na avenida olegario maciel 1329 bairro lourdes, as 17:00 horas o melhor encontro jovem! nao fique de fora !  ",0.0
205,"vamos la.  comente """" que eu falarei algo que eu gosto ou acho bonito em voce.    ",0.0
422," pelo amor de deus nao pode ser verdade vcs rindo disso  elas falaram oq a maioria dos adolescentes sentem e nao adimitem por pura vergonha de uma sociedade nojenta dessa, as coisas afetam as pessoas de formas diferentes respeitem, depois nao venham com ",1.0
21,odeio leis ! se eu gostasse tinha ido para advogada. nao fui pois nao?,0.0
98,""" se apaixonar nao tem haver com a logica, e algo irracional sem questionamentos iniciais... theo s03e06 "" ",0.0
187," o suicidio pode ser prevenido, um de nossos objetivos com a campanha e combater o estigma que envolve o tema. ",1.0
121,muito importante o tema do  de hoje!,0.0
56,"- ""alo, centro de valorizacao da vida"" -eu nao aguento mais ser fa do asking me ajudem",0.0
289,como vai voce?,0.0
502,"a taxa de suicidio cresceu exponencialmente com as medidas de restricao do convivio social.  ja podemos falar sobre o tema, ou temos que esperar o ?",1.0
243,eu apoio aa vida a sua vida tem sentindo  nao desista  depressao xo diga sim a vida,1.0
89,isto e  uma juventude que se importa!,0.0
46," nao se suicide, ligue para 141: centro de valorizacao da vida. nao quero nenhum idiota me processando porque o filhinho (...) wtf",1.0
436,"vamos manter as rotinas enquanto tivermos em quarentena, nao fique parado apenas recebendo energias negativas, se seu trabalho ou rotina nao tem como ser feito em casa, faca um curso, procure ocupar a cabeca. ",0.0
212,isso acontece com a campanha do . todo mundo se sentiu motivado e se propuseram a mudar a vida das pessoas.,1.0
474,ai mes que vem a galera solta textao com a   tem que ter muuuuita paciencia.,0.0
340,"sim estou enfrentando depressao e bipolaridade, poderia esconder atras do tabu e silenciar, mas sou muito nova pra morrer. ",1.0
51,"centro de valorizacao da vida (cvv), telefone 141",1.0
450,"os episodios da ""haide"" em  sao perfeitos, me emociono em todos",0.0
294,"e nem sempre somos fortes pra vencer essa guerra! tem dias que somos leoes, tem dias que somos ovelhas!   ",0.0
180,so nao me mato hj pq estamos em,0.0
508," liga p/ cvv (centro de valorizacao da vida), voce ou a propria pessoa pode ligar. o numero e 188!!! a pessoa tendo psicologico o ideal e q se ligue pra esse profissional mas na hora da crise o cvv ajuda muito. algumas plataformas e aplicativo disponibilizam apoio tbm como o insta",1.0
630,o amor da sua vida e voce. cuide-se!,0.0
634,"se atualmente voce nao sente necessidade, ainda assim, voce pode fazer terapia, para: 1. se conhecer melhor 2. nao se tornar o motivo de alguem precisar de terapia     ",1.0
648,tem q combinar com ele pra nao fugir pra paris antes do 1ro turno porque no 2ndo ele nao vai....,0.0
380,"voce e importante, voce e lindo(a) do jeito que e, tenha orgulho de quem voce e, voce nao esta sozinho(a)  ",0.0
5,estar empatico ao outro nao e ser simpatico,0.0
258,"tudo tem motivo, ngm se corta atoa [...] eles precisam da sua ajuda      ",1.0
262,"setembro amarelo, nao se acanhe, chega mais, vamos conversar e tirar o que tanto te incomoda ",1.0
377,"falai seus  que quando acontece alguma coisa ficam julgando e dizendo que foi drama, tudo bem com voces?",1.0
414,moral da historia: verifiquem sempre se tem medicamentos suficientes. //moral of the story: always check if you have enough meds.,0.0
663,"o post de hoje e em parceria com o , grupo de apoio psicopedagogico do icmc, que pode ser seu apoio em todos os momentos da graduacao!  voce nao esta sozinho e o icmc agora e sua casa! o pet computacao e o gapsi estao sempre de portas abertas!    ",1.0
497,"as vezes eu fico espantado comigo mesmo , o quanto eu mudei e amadureci ideias e atitudes. hoje eu e orgulho muito do calebe que me tornei. ",0.0
110,centro de valorizacao da vida',1.0
643,"mais do que cuidar da beleza exterior, cuidem de sua saude interior, do seu emocional, pois e ai de dentro que vem a beleza mais linda que existe! -se  ",1.0
6,luis fabiano na proxima temporada de sessao de terapia.,0.0
181,galera vamos participar da campanha  de prevencao ao suicidio.,1.0
547,france: call 09 72 39 40 50 (s.o.s. amitie) call 01 45 39 40 00 (suicide ecoute)  bahamas call (242) 328-0922 (bahamas crisis centre)  brazil call 188 (centro de valorizacao da vida)  italy call 199 284 284 (telefono amico italia),0.0
679,psicologo tambem faz terapia e hoje e o meu dia!,1.0
260,e que comece o semestre de verdade.,0.0
60,"crise financeira significa todas linhas do centro de valorizacao da vida sempre ocupadas. mas brasileiro e um povo alegre e festivo, neam?",1.0
472," e em setembro,as mesmas pessoas que estao mandando ela se matar vao postar """" : """"",0.0
667,tmj e nois que voa mlk,0.0
35,beijo,0.0
287,nivel de ansiedade: to nervosa porque vou falar com o psicologo daqui a 3min,1.0
189,diga nao ao suicidio,1.0
303,sei que nao e facil,0.0
101,jaja tem projeto,0.0
333,"galera,  e para prevencao do suicidio e nao  pra voce fingir que se importa",1.0
342,a esperanca e que conversemos sobre o assunto. e necessario que a pessoa tenha atencao de quem esta a sua volta.,0.0
594,passar salmoura nos buraco agr,0.0
595,"  ""tem muita gente sentindo...fome "".. cansaco mental e ate.."" desespero ""..pos covid-19...vamos falar sobre os impactos do.."" genocida no governo  ",1.0
573,"e voces que vivem reclamando de autoestima no tt, ou do quanto andam tristes, desanimados, com vontade de morrer ou sei la, por favor procurem ajuda profissional.  minha perspectiva de vida melhorou bastante fazendo terapia.    ",1.0
544,"vc faz mestrado, pos,... pra dancar txutxucao com os usuarios? isso, exatamente pra isso!       ",0.0
209,"e as vezes, tem lutas que nao podemos vencer sozinhos.    ",0.0
469,"fechar ciclos e olhar para o passado com gratidao, aproveitar as licoes que foram aprendidas e se abrir para novas alegrias que ainda temos a viver.           ",0.0
495,"esta chegando o ,mes de luta e valorizacao da vida e contra o suicidio, mais popularmente conhecido como o mes de desvalorizacao do trabalho do psicologo pois sao 30dias de pessoas sem nenhum conhecimento tecnico dizendo que sabem o que cura depressao.",1.0
446,"eu entrei no centro de valorizacao da vida e eu tava em octogesimo na lista de espera, esperei tres horas e quando fui atendido, a mulher nao sabia como me ajudar :/",1.0
666,"um ,  campea,  dando exemplo de como nao ser um ministro da economia, , relacoes pessoais ""estranhas"",  materia sobre ,  ... perdao intensidade todas as vezes q duvidei de ti e tira a ansiedade pfvr",0.0
463,"qndo vc poe na cabeca  que quem perde n e vc,  nada mais te abala. ",0.0
475,"a depressao pode te dizer que nada importa e nao ha esperancas.  - isso e mentira, voce importa!  a ansiedade pode te dizer que todos os seus medos sao reais.  - isso e uma mentira, voce pode ser mais forte que seus medos      ",1.0
413,quando a terapeuta e firme nas palavras e fofa ao mesmo tempo. vontade de coloca-la num potinho,1.0
227,voce e insubstituivel! nao tenha vergonha de pedir ajuda. prevencao de suicidio:  141 0800 273 8255 0800 290 0024,1.0
27," ola, podes ajudar a esta campanha, pfv? obrigada e sucesso!   ",0.0
451,"gente quanto mais vejo os videos, mais eu percebo que as pessoas estao ficando perdidas com esta quarentena!   ainda bem que quinta-feira tenho terapia online kkk",0.0
16,cansada hj medico... amanha  dias agitados ultimamente.... -- se sentindo cansada,0.0
96,el dialogo elevado a tecnica retorica.,0.0
245,"  ame a si mesmo, voce e valioso",0.0
166,o 141 e o numero do centro de valorizacao da vida. se voce souber de qualquer pessoa que pensa em cometer suicidio de esse numero pra ela,1.0
255,"nao se isole, converse!   ",0.0
347,"precisamos ajudar, conscientizar, espalhar muito amor e principalmente levar essa campanha adiante.  ",1.0
459,"somos a media das 5 pessoas que convivemos. se estou em isolamento social, sou a media teorica de mim mesmo. cuido-me. ",0.0
566,todo sabado de manha tenho terapia. e o momento que me dou junto a um profissional para cuidar do que me afligiu durante a semana.,1.0
185,"a vida e o bem mais precioso que temos, vale a pena lutar por ela, mas ninguem precisa lutar sozinho. ",0.0
661,hoje e so agradecimento! ....,0.0
357,"voce nunca esta sozinho, peca ajuda. ",1.0
314,vigilia do encontro com deus dia 22 as 22hr sexta vai arrentar,0.0
48,"oficialmente voluntario do projeto pibex ""cuidando do cuidador"" da prof. dra aline beckmann!   ",0.0
194,""" o olhar no olho, um abraco...essas coisas estao faltando hoje em dia"", jane borges do centro de valorizacao da vida ( cvv ).",1.0
87," eu achei tao ruim que falei ""ok google, quero me matar"" para o meu cel e ele me deu o numero do centro de valorizacao da vida",1.0
286,"nao rejeite ajuda a quem precisa, vc poder ser a ultima esperanca dessa pessoa. ",1.0
412,depressao e um inferno na terra!  cuidemos uns dos outros.,1.0
605,":  "" na  "" ; consegue identificar criterios de avaliacao para diagnostico de psicopatologia no sujeito identificado no perfil desta sequencia? este inquerito e anonimo. o inquerito esta disponivel por seis dias. obrigada pela colaboracao.",1.0
18," 3321-4111 cvv centro de valorizacao da vida reclame, valorizamos sua reclamacao.",1.0
521,"o cvv - centro de valorizacao da vida realiza apoio emocional e prevencao do suicidio, atendendo voluntaria e gratuitamente todas as pessoas que querem e precisam conversar, sob total sigilo por telefone, email e chat 24h todos os dias 188.    ",1.0
124,um dos melhores tematicas desses dez anos   altamente reflexivo...,0.0
353,"""ta tudo bem em nao estar bem. voce e bom. sua dor importa. continue. por voce.""  ",1.0
174,"mesmo quando tudo parece desmoronar, suicidio nao e uma opcao! linda iniciativa! ",1.0
133,deixei de dar explicacoes a quem so entendia o que queria...,0.0
554," e aquele filme que te prende durante o tempo todo, mas tem um final meio decepcionante. a exploracao de idosos da forma que e tratada e triste, mas a justica acontece.",0.0
651,centro de valorizacao da vida de um emprego a este jovem,1.0
536,aproveite a oportunidade para cuidar de voce e busque se informar na ubs da sua regiao sobre o tema.,1.0
602,terapia: ou voce faz ou voce precisa fazer. em 2021? e questao de sobrevivencia!   me julguem!,1.0
574,eu trouxe a bike da  para minha casa. agora temos um pouco de movimento para esses dias sombrios de quarentena!,0.0
195,haiwanna deveria ser proibida de tocar adriana calcanhoto no setembro amarelo,0.0
115,pra essa tua vontade,0.0
452,isso e violencia psicologica vcs nao podem permitir se fosse um homem fazendo isso a galera tava agitando expulsao punicao infelizmente mulheres tbm fazem isso,1.0
142,"+ tomar um remedio para controlar, o que voce devia conseguir controlar naturalmente. ",1.0
541,"nossaa comecei a dancar.. meu quero aprender a dancar e dancar sempre. eu seempre amei danca fiz quando crianca e parei, mas sempre me emocionava sabe assistir. danco mal por vergonha ou sei la ..  quero aprender sinto que vou me apaixonar mais     ",0.0
28,"galera usem a tag  e  e por uma boa causam, ajuda plss",0.0
455,e muito importante compartilhar esse tipo de informacao linha de prevencao ao suicidio: 188 (cvv - centro de valorizacao da vida),1.0
59,pesquisei como cometer suicidio no google e mostraram o numero do centro de valorizacao da vida ai n mereco,1.0
437,ontem eu liguei pro centro de valorizacao da vida e eles nao atenderam,1.0
63,"mil e uma coisas para fazer e eu morrendo de sono, pode isso? num pode!!! kkkk '     ",0.0
430,"nesse periodo de quarentena, temos que aprender a tirar o melhor de cada dia, de cada situacao e de cada momento! saude mental e muito importante! aproveite o que tiver que aproveitar e se tiver que trabalhar se proteja e continue firme!   ",1.0
561,comecar o dia com gente assistindo video sobre outras possiveis pandemias mortais,0.0
310,vigilia do encontro com deus,0.0
114,"escolhe, pois, a vida! ",0.0
240,"vamos comecar a espalhar gentileza todos os dias, ai nao vamos precisar ficar fazendo campanha de ",0.0
339,que isso cara,0.0
467,uma nao monogamia politica e essencial para trabalhar as subjetividades em psicologia clinica. .,0.0
381,quer uma amiga.. comente seu numero,0.0
356,- mes dedicado ao combate e prevencao do suicidio. a equipe da secretaria municipal de meio ambiente apoia esta causa.,1.0
464,sim faca linchamento virtual e depois venha com setembro amarelo,1.0
299,facam valer o  e que os ensinamentos dele sejam levados para toda uma vida.,1.0
192,nao hesite em momento algum em procurar ajuda nos estamos aqui para todos voces!!,1.0
277,"gostei desse:   comente um """" e eu digo algo que eu gosto ou acho bonito em voce.  ",0.0
305,"comente um """" e eu digo algo que eu gosto ou acho bonito em voce.",0.0
580,"passei o filme todo com ranco da marla. nao consegui ter empatia por ela, mereceu o fim que teve.   ",0.0
295,"suicidio vai ser o tema do nosso trabalho, melhor escolha!   falar e a melhor solucao",1.0
88,e a parti de ontem foi decretado pelo conselho interno intelectual do piter piter que o mesmo nao usara nbome nunca mais .,0.0
619,"bom dia segunda-feira...  tente fazer afirmacoes positivas ao acordar...  ""cuido da minha saude fisica, mental e espiritual"" ""agradeco pela oportunidade de viver este novo dia"" apegue-se ao que te faz bem     ",0.0
164,o tempo e moderno mas a sociedade continua fiel aos preconceitos criados sobre a saude mental. ate quando?,1.0
137,e tambem com aquelas que ja fazem terapia. :) essencial!   https://t.co/wotaj8bl82,1.0
95,essa e a hora em que voce pesquisa algo no google e a primeira sugestao ''precisa de ajuda? centro de valorizacao da vida'',1.0
210,muito ansiosa pra comecar meus atendimentos. vem logo novembro e que deus me ajude,0.0
50,melhor lugar do mundo: celula,0.0
160,endereco in box !,0.0
657,nao pare de andar!      #,0.0
611,sabia que se voce pesquisar qual o jeito menos doloroso de se matar aparece o numero do centro de valorizacao da vida?,1.0
369,nois num que abraco nois que respeito,0.0
170,"espalhe o amor, porque de dor e sofrimento o mundo ja esta cheio. . ",0.0
123,paciente do instituto nise enterrado em cova de indigente pq nao tem familia. amigos improvisaram a placa.,0.0
496,"31 de agosto 23:59: odeio voce resto de aborto, se mata   1 de setembro 00:00: vamos ajudar as pessoas a nao se matarem, sou contra o suicidio  ",1.0
32,apoio!,0.0
677,"deus, so uma sugestao: alem de um anjo da guarda o senhor poderia dar as pessoas tambem um terapeuta para chamar de seu. ",0.0
117,"""a que e o amor se nao outro nome para reforcamento positivo."" - skiner;    ",0.0
338,"comenta um """" e eu falo o que acho mais bonito em voce.  ",0.0
569,esses dentes de rosamund pike foi so pdo filme ou ela ta usando na vida real? ta feio demais,0.0
589,quando voce percebe que se nao tiver proposito de vida nao ha porque esta vivo!,1.0
503,"no brasil, o cvv - centro de valorizacao da vida realiza apoio emocional e prevencao do suicidio, atendendo voluntaria e gratuitamente todas as pessoas que querem e precisam conversar, sob total sigilo, por telefone (basta discar 188), email e chat 24 horas todos os dias.",1.0
327,"""olha o sorriso de mina neguin""   agora preste atencao nos olhos, e ali que ta escondido tudo.  ",0.0
72,cvv = centro de valorizacao da vida. vc liga 141 e desabafa seus problemas.,1.0
686,to exausto hj vou comer doce e acabar de ver o doc,0.0
55,; ali estaremos para seguir compartindo e aprendendo sobre  e,0.0
248,nao desista so porque as coisas estao dificeis. voce consegue!,0.0
675,precisamos fazer alguns encontros aqui em  para falamos sobre os impactos da pandemia na saude mental dos adolescentes/adultos cametaense... pois tenho certeza que nao e so eu que preciso disso no momento.,1.0
211,ja tamo em outubro mas ainda to chocada por ngm ter comentado no   sobre os indios dominarem o ranking de suicido no brasil,1.0
533,e uma campanha em prol da saude mental. tenha bons habitos e viva mais bem.,1.0
292,tua porta pode salvar uma vida,1.0
411,"17.000.000 milhoes de pessoas sofrem com depressao no brasil , cerda de 2 milhoes por ano ou seja, 10% da populacao brasileira sofre desta doenca fora as que nao procuram ajuda !!!     gente , depressao mata !!",1.0
184,"ola, twitter!       ",0.0
263,"quando estiver sentido-se mal, ou ate pensando em fazer besteira, lembre-se, voce ta melhor que eu ",1.0
420,"  aaah para gente... tinha que ser outra cor, ja temos o . poderia ser  (cor da poluicao no horizonte)",0.0
12,vou ligar pro centro de valorizacao da vida,1.0
19,"busque ajuda! quanto mais tardio o tratamento,  mais distante seu filho vivera de todos.     ",0.0
462,a memoria se exercita para cultivar o bom e nao alimentar o ruim.,0.0
548,"meus tweets flopam e eu to cagando pra isso, mas pra quem ver isso e se sente perdido, saiba que vc e incrivel e existe o site centro de valorizacao da vida que funciona 24hrs via telefone, chat ou email, e minha dm ta sempre aberta tbm, vc nunca incomoda.",1.0
279,tempestades nao duram para sempre...,0.0
428,"serie ""sessao de terapia"" da : sensacional!! excelentes atuacao e direcao do selton mello.   ",0.0
66,no centro de estudos e integracao humana.       -crescimento,0.0
20,"o exercicio e um , e pode ajudar a mante-lo mentalmente saudavel.  ",0.0
273,se preocupar com os outros mas nao so em,0.0
188,mulher gata nesse rosario e mato,0.0
220,pra que se mata se vamos todos morrer,1.0
482,"vcs: gente tenham empatia, tratem as pessoas da mesma forma q vcs gostariam de ser tratados  ne   vcs dps: nossa bora marcar pra o grupinho sair? mas nao chama fulano, vamo excluir ele p ele se sentir mal, insuficiente e sozinho?",1.0
487,"fiz um discursinho ""nao e o hoje que importa?!"" gratidao-hipster e minha terapeuta ja me deu um tapao na fuca e falou que to andando com muito branco  ",0.0
25,"gente, da uma forcinha  ",0.0
385,"estou disponivel para te ouvir, conversar  e te ajudar!  ",1.0
531,aqui em moz tem centro de valorizacao da vida?,1.0
505,"das memorias - associadas ao acontecimento violento -  e com isso, essas  armazenadas de forma mal adaptativa ficam gerando sintomas, que serao levadas para toda a vida"", explica.   ",0.0
524,"o cvv - centro de valorizacao da vida realiza apoio emocional e prevencao do suicidio, atendendo voluntaria e gratuitamente tds as pessoas que querem e precisam conversar, sob total sigilo. ligue: 188 ""voce nao esta sozinho. voce e necessario. voce e amado.""-jxdn ",1.0
545,liga 188 - centro de valorizacao da vida,1.0
290,"vamos falar sobre o suicidio ???   nao deixem passar ""em branco"" pois pode acabar sendo tarde demais!!! u.u",1.0
107,simbora foucaultiar,0.0
298,"...sem abrir mao do acompanhamento especializado, quando este for indicado.    ",1.0
52,gente a dora vai voltar,0.0
494,vai chegar setembro e as gays toxicas que fizeram piadas com saude mental o ano todo vao ficar postando  pra pagarem de desconstruidas,1.0
151," , entao sdv??",0.0
500,finalizei  e estou muito feliz,0.0
149,"se eu tenho nojo de certas coisas que eu vejo aqui, imagina deus?    ",0.0
190,"o  e muito importante. e mais importante e demonstrarmos afeto, oferecer um abraco, ser um ouvinte a quem tem tanto a dizer.",0.0
73,dai ce liga no centro de valorizacao da vida e desabafa,1.0
306,"a marca mais bonita do seu corpo e o seu sorriso, nao faca outras   ",0.0
642,psicologia e a luz do mundo   esse e o twitter,0.0
163," e uma musica bacana bem, ta no repertorio novo do bar do geraldo aos sabados! ",0.0
621,"habitos como respeitar os proprios limites, ser responsavel com as proprias acoes e fazer psicoterapia sao otimos recursos para o autocuidado, principalmente do ponto de vista psicologico e emocial.    ",1.0
578,"ha tempos queria pintar a casa, tava precisando e muito. nossa, muito alem da estetica devo dizer que isso tem me salvado. metam tinta nas paredes, e extremamente terapeutico.   ",0.0
382,mes de prevencao ao suicidio. uma pessoinha querida usa um monte de remedios..conselho q recebemos?precisa de uma surra,1.0
156,"""a raiva e o vento que sobra, e apaga a vela da inteligencia"" ",0.0
499,aula da m4rcela no mudo,0.0
253,"a vida fica bem mais colorida com um simples elogio...  comente um """" e eu digo algo que eu gosto ou acho bonito em voce.  ",0.0
152,dica do dia e para a vida: faca psicoterapia.... e libertador!,1.0
583,e nesses casos que eu recomendo a pessoa a ligar no 188 - centro de valorizacao da vida. tenho ctz que vai ter gente com capacidade para conseguir te ajudar la,1.0
254,"a depressao e pior que o cancer. o cancer te faz ter vontade de viver, e a depressao de morrer.  ",1.0
358,"prevencao ao suicidio cvv brasil 188 0800 290 0024 nao compartilhe, copie e cole! . obs: na pf os indices sao alarmantes.",1.0
612,voce precisa ser egoista.,0.0
40,"certas coisas a gnt joga no mar do esquecimento, e se alguem voltar ao assunto finja que nao lembra ;) ",0.0
193,serio. sem condicao psicologica para rodizio de saude mental. como proceder?,1.0
328,"""vivemos numa sociedade em que bullying e brincadeira e suicidio e drama""                        ",1.0
490,"vi um tweet que me fez lembrar que to ha 2 meses sem medicacao (acompanhado de perto por meu psiquiatra), e sem surtos ou crises   vem ae  ",1.0
680,"ei vamos dar importancia ao suicido?  a cvv ( centro de valorizacao da vida) realiza apoio emocional e prevencao do suicidio atendendo voluntariamente grata aumente todas as pessoas que querem e precisam conversar,sob total sigilo por telefone, e-mail, chat e voip 24 horas+",1.0
618,"sinto que cheguei no nivel hard da minha terapia. a cada sessao me deparo com novos confrontos, passo dias refletindo e mergulho cada vez mais dentro de mim. e desafiador, mas, extremamente necessario.   ",1.0
579," fica assim nao moca, se tiver precisa desabafar e quiser ajuda de um profissional liga pro 188 o centro de valorizacao da vida, funcionam 24h",1.0
312,vigilia do encontro com deus dia 22 as 22hrs sexta,0.0
136,mas antes de eu ir pra psiq eu ficava vendo filmes e as vezes eu ligava ou conversava com alguem do centro de valorizacao da vida,1.0
2,e me mandaram p central d ajuda da cvv (centro de valorizacao a vida),1.0
320,voce e muito importante,0.0
351,passando apenas para dizer que caso alguem precise conversar sobre qualquer coisa... eu estou aqui. voce esta sozinho.,1.0
672,o tempo gasto consigo mesmo e o melhor tempo.,0.0
376,mentira,0.0
139,cvv e o centro de valorizacao da vida,1.0
563,"gente  e bom demais.   o filme vai tendo mil reviravoltas ate o final, tem acao, inteligencia e ainda e engracado.   tudo",0.0
392,mais um concluido com sucesso!   em breve publicacoes e novidades cientificas.,0.0
218,pensando aqui com o  se por acaso ja me enquadro na categoria depressao ou nao,1.0
572,vale lembrar amiga que voce assiste um programa lixo como o big brother ne ? enquanto um live tem como 2 objetivoa arrecadar ajuda para.os trabalhadores do segmento e oxigenar a cabeca dos brasileiros atordoados c tanta noticia ruim.,0.0
237,"tenho uma amiga que vive falando q a vida dela e uma merda ,e que ja pensou em se matar varias vezes ,mas n sei como ajudar ",1.0
604,eu vou ficar completamente bebada. fumar uns trem. a ver spiderman no spiderverso.,0.0
435," eu tenho 16 anos  e ja sou lacradora, quero aparecer e ser famosinha ",0.0
688," mano, e o centro de valorizacao da vida, mimha amiga ta pensandk em se m, eu to esperando pra falar com o atendente",1.0
67,centro de valorizacao da vida kkkkkkkkko,1.0
104,quem sou eu para negar ajuda a quem precisa?  por isso eu amo meu trabalho!,1.0
344,"e tao bom encontrar novamente um motivo para tudo, e eu encontrei!!  ",1.0
10,"""juntos podemos proporcionar esperanca a todos que sofrem de esquizofrenia e outras doencas mentais graves"" ban ki-moon ",1.0
512,"setembro amarelo ta chagando, eu so quero ver as pessoas que propagam o odio na internet postando sobre ",1.0
203,qual foi a ultima vez que voce elogiou alguem?   via,0.0
38,bom dia!,0.0
549,"nos da cg vale abracamos a causa mundial do , mes de conscientizacao e prevencao a saude mental.   inicie o ano prestando o devido cuidado para alem do fisico, de atencao para o seu psicologico, principalmente nesse momento de pandemia e incentive outras pessoas (+)",1.0
68,vc vai liga pro centro de valorizacao da vida pq vc esta com colica,1.0
444,"no esquema da ilustracao do tweet anterior, sao apresentadas algumas possibilidades que visam auxiliar a diferenciar situacoes que podemos exercer controle e outras onde nao e possivel, visando contribuir para a manutencao de nossa .  ",1.0
535,pqp delibal acabou comigo. pq diacho foi me envolver com filmes turcos agora. e esse mexe comigo pq passei por isso ano passado. ainda e dificil esquecer. depressao mata,0.0
291,"  vc nn eh lixo, voce eh especial &lt;3 ",1.0
555,marla grayson se fudeu no final kkkkkkkk adorei.,0.0
24,quase 18 mil tts para nao!!!!,0.0
641,"seja uma pessoa dificil, chata, complexa.  nao seja alguem metida a perfeita, complexada.       ",0.0
560,"""a depressao consiste na expectativa frustrada de nao ser o que e, ja a felicidade se revela na aceitacao de ser quem e""   ",1.0
394," essas unidades sao fisicas mesmo, mas tem o cvv (centro de valorizacao da vida), que oferece apoio online (pode ligar pro 141 ou mandar email, conversar pelo chat que tem no site deles e tals, ate pelo skype), acho que tem cvvs fisicos em algumas cidades, no site tem a lista tbm",1.0
593,"eu nao aceito a marla morrer pra um ze ninguem, se fosse pelo menos pelo bandidao. que odio  ",0.0
491,"eu tento ajuda as pessoas,dizendo nao ao suicidio,que isso nao e a solucao, nao se corte,desabafa cmg ,eu to aqui com voce,mas com lagrimas no olhos digo pra mim mesma , que suicidio e a melhor opcao, que se corta vai aliviar a minha dor , e que ninguem me ama . ",1.0
629,"ja se olhou no espelho hj e admirou a perfeicao q vc e? ce n, oq ta esperando??? vao la e faca vcs msms se sentirem bem!  ",0.0
654,"""perder-se tambem e caminho"" (clarisse lispector)   ",0.0
532,em 2021 a campanha esta convidando o mundo a um pacto pela saude mental!  podemos contar com voce neste pacto em beneficio de cada um de nos e de todo mundo ao mesmo tempo?,1.0
664,viver com ansiedade afeta mais ainda a vida quando nao ha um apoio por parte da familia. isso afeta muito os relacionamentos e o estado emocional do ansioso.,1.0
646,"bem, isso se chama imaturidade. mas sera que voce nao cresceu por que nao quis? nao! voce esta onde esta porque foi tudo o que deu para fazer, era tudo o que voce sabia e podia fazer. ",0.0
90,"cvv e o centro de valorizacao da vida, vc liga la pra desabafar seus problemas e nao se matar",1.0
359," desabafar, corremos risco d ser rotulada como pessoa q reclama d tudo, e muitas vezes e apenas valvula de escape.",1.0
443,quem e louco? e quem e capaz de dizer quem e louco?,0.0
354,jornada seridoense de valorizacao a vida.,1.0
29," e voce merece uma homenagem linda, ate pq ",0.0
426,"pensando no que pode ser feito, uma medida simples: precisa de ajuda ou conhece alguem que precisa?   disque saude - 136 centro de valorizacao da vida - 188 central de atendimento a mulher - 180    ",1.0
264,"agora todo mes simboliza uma coisa, mas resolver o problema nada. #combaterosuicidio, e as causas, quem vai tratar????",1.0
613,lembranca do insta hj e qnd eu era voluntaria do cvv mermao era varios atendimentos bizarros mas era totalmente gratificante saber que ajudei salvar algumas vidas,1.0
415,"quando vc da unfollow em pessoas que nao te acrescentam, surge um sorriso? ",0.0
130,eu nao aguento mais o tumblr me redirecionando pra centro de valorizacao da vida,1.0
8,passei em ... !que venha o proximo estagio,0.0
97,adorei a reportagem sobre ansiedade da  desse mes! recomendo!,1.0
685,"se sentiu paz, a escolha foi certa.        ",0.0
552,"o sol esta a 150 milhoes de km  da terra. mas sinto o calor dele na minha pele.  entao tambem posso sentir o calor de voces.  distantes, porem unidos.         ",0.0
283,"quase 1 milhao de pessoas se matam por ano, de 10 a 20 milhoes tentam o suicidio todo ano.  ",1.0
230,por mais dificil que seja falar sempre ajuda,0.0
201,hoje foi dia de  na escola municipal benvinda!,0.0
81,de amanecida estudiando!,0.0
586,"a vida e sobre isso, nossas projecoes sao problemas nossos, nao do outro. e por maior que seja o esforco, nem td vai sair como eu quero. vou fazer um mantra disso e colar no cerebro pra nao me estressar. eu que lute pela minha ",1.0
330,"   nao que isso,, muito pelo contrario estamos aqui pra te apoiar  ",1.0
562," me decepcionou demais com  !! de 01:27:00 ate a ultima cena o filme e totalmente incoerente.... sem contar que a marla pode ate ser a personagem principal, mas o ranco.... sinto muita pena da rosamund pike ter gastando seu talento com isso!",0.0
54,"nao leve seus problemas emocionais para a sociedade. faca . se nao sua vida virara um poco sem fundo, uma avalanche.",1.0
691," nao se resolve com um convite para ""tomar uma"" ou um simples ""relaxa que vai passar.""     ",0.0
224,precisa conversar? liga 141(numero da central de valorizacao da vida) ou me manda um whats/dm/direct!,1.0
233,"nao precisamos de reconhecimento so em setembro, e sim por todas as nossas lutas, passadas e presentes, sejam quais forem. ",1.0
440,hoje passarei o dia votando em marcela,0.0
684,"o auto cuidado e uma necessidade e uma prioridade, nao um luxo.   ",0.0
223,"comente um """" e eu escrevo algo que seja bonito/bom em voce. ",0.0
526,"existem diversas formas de entrar em contato com eles, uma delas e atraves do cvv (centro de valorizacao da vida), e so ligar 188.",1.0
417,"sao 4 da manha e eu estou chorando pela morte de uma crianca de 18 anos que se matou enforcado dentro de casa por causa da maldita depressao, a pior doenca que existe, a gente sofre no silencio. ",1.0
143,sou cheia de bipolaridade !,1.0
427,caralho q serie,0.0
250,"eu sei que estamos vivenciando o , mas nao admito que algumas pessoas  me digam que a vida e muito cruel com elas.",1.0
587,corte interamericana de derechos humanos discute caso de damiao ximenes lopes,0.0
197,quem e camila kelly pra voce? obs: copie e cole no seu mural e descubra o que os seus amigos pensam sobre voce.,0.0
83,enamorada de,0.0
401,"qual o sentido do chat do centro de valorizacao da vida so funcionar ate a 1h sendo q a maioria das pessoas tem crises de madrugada?  ok sei q tem gente trabalhando, mas devia ser um servico 24h, ate pq nao e toda cidade q o 141 funciona",1.0
106,"minha psiquiatra disse q eu preciso fazer . mas o q eu preciso mesmo e voltar a conversar sozinho no twitter, como antigamente.",1.0
41,dia de apresentar o trabalho de dependencia quimica,0.0
93,eu ouvindo btl e saltando nos sofas,0.0
653,"adote gestos conscientes de bondade. inumeras pesquisas demonstram que atos de altruismo, generosidade voltada tanto a amigos quanto a estranhos, reduzem o estresse e contribuem para uma melhor saude mental    ",0.0
479,cada retweet e compartilhamento com um amigo e um ato de carinho.  conheca a vitalk acesse nossas conversas gratuitas e pratique o cuidado...,0.0
33,me deixa,0.0
670," fala, caldas. nos levamos esse assunto muito a serio. por isso, recomendamos que entre em contato com instituicoes idoneas, como o cvv - centro de valorizacao da vida, telefone 188. eles possuem pessoas qualificadas que poderao dar o auxilio necessario. obrigado.",1.0
366,postar na internet que esta disponivel pra um abraco nao ajuda ninguem -,1.0
466,"quem acha que sabe de algo ou de alguem , na verdade  nao  sabe de nada .   ",0.0
511,"me conhecendo ou nao, se precisar de ajuda pode me chamar. vc nao esta sozinho! nao sera incomodo nenhum. se preferir chame algum amigo ou familia mas pvf chame alguem! vc vai conseguir passar por isso, nao sofra calado.",1.0
585,centro de valorizacao da vida coisa contra o suicidio,1.0
617,"ola! vamos falar sobre autocuidado? existem muitas maneiras de se cuidar como, por exemplo, o cuidado fisico e tambem o financeiro. alem disso, tambem existem os cuidados psicologico e emocial que sao tao importantes quanto todos os outros tipos.   ",1.0
84,"""todas as vitorias ocultam uma abdicacao."" simone de beauvoir      ",0.0
606,"eiii, voce ai que esta lendo agora!   como esta a sua saude mental?   se precisar de ajuda, converse, converse comigo ou com alguem da sua confianca. sao tempos dificeis, toda ajuda e bem vinda!  ",1.0
687," e importante comecarem a postar algo sobre depressao, setembro amarelo ainda hj antes da proxima eliminacao e formacao. so demonstram empatia e apoio no tal setembro amarelo. nao, e o ano todo q passamos por isto. muitos desistem da luta.    ",1.0
334,"essa brincadeira vale a pena...   comenta um """" e eu te falo algo bom/bonito em voce ",0.0
534,"""por isso, nao abram mao da confianca que voces tem; ela sera ricamente recompensada"".   hebreus 10.35  bom dia! espere confiante no senhor. ele e o mesmo ontem, hoje e sempre!   ",0.0
597,falar so e terapeutico quando a escuta e qualificada,1.0
309,vigilia do encontro,0.0
112,ligamos pro cvv (centro de valorizacao da vida) kkk,1.0
383,"mano, se vc ta num role onde o local apertado, entenda q esbarrar em vc e normal, n queira brigar por conta disso  ",0.0
588,"situacion no servizo galego de saude: hoxe o meu psiquiatra derivoume a psicoloxia con cita preferente.  preferente= setembro  a  e  tenen que facer algo para que a saude mental non sexa o ultimo mono, moita xente precisa dela.   ",0.0
76,"hoje sou a ester, uma adolescente de 16 com transtornos psiquiatricos. ate sem em quem me inspirar. hahahahah  :)",0.0
600,"comecei a fazer caminhada com o mozao, em um dia de caminhada ja notamos os niveis de estresse diminuindo, o humor melhorando, so e um pouco dificil caminhar com mascara, mas e necessario.      ",0.0
241,a depressao e pior que o cancer. o cancer te faz ter vontade de viver.,1.0
131,"ha pessoas tao desequilibradas: que nem uma consulta com o theo de  resolve, rs!",1.0
669,ao menor sinal de depressao busque ajuda profissional. sua vida vale muito e impacta positivamente muitas pessoas. nao deixe que os momentos ruins apaguem o brilho de sua jornada.  se precisar conversar pode me chamar ou ligue 188 (cvv - centro de valorizacao da vida),1.0
449,do desespero do covid19 para o desespero de estar desempregado... assim evoluem as queixas durantes os atendimento.,1.0
645,tem horas que vc so quer sumir das redes!,0.0
447,"voce ja pensou qual e a sua parcela de  responsabilidade/participacao,  nas dores, angustias e frustracoes que visitam voce diariamente?      ",1.0
610,"  centro de valorizacao da vida disponivel 24 horas por telefone e no seguinte horario por chat: dom - 17h a 01h, seg a qui - 09h a 01h, sex - 15h as 23h, sab - 16h a 01h. saiba mais 188",1.0
186,que o  tenha tanta visibilidade quanto o outubro rosa e novembro azul.,1.0
442,"fica  ! sai  ! vem  ! a gente vai viver ! a gente vai morrer !  em casa !   de casa ! ta dificil manter a saude, principalmente a  !!!!",0.0
173,"[+] inverno e so uma fase ruim. em voce, a primavera ha de vir.  entao, nao desiste! acredite! voce ha de florir. [+]  ",0.0
178,a campanha pretende alertar as pessoas a procurarem ajuda caso queiram cometer suicidio.,1.0
128,cvv? (centro de valorizacao da vida),1.0
225,"voce e foda, guerreira (o) e vitoriosa (o).  bom dia !  ",0.0
350,campanha contra o suicidio.,1.0
432,"gente so nao se isola da cerveja, vinho e do gin. ",0.0
36,vou dormir bjs,0.0
113,fazendo trabalho sobre esquizofrenia.,0.0
256,"a pessoa passa o ano todinho te julgando, chega setembro , vem fazer a sensata   sifuder. ",1.0
570,o tedio do sabado !,0.0
251,lembrando q depois do azul foi publicado em parceria c/ o  e tera parte das vendas revertida p/ a instituicao,0.0
419,se vc precisa de um abraco e conversar eu estou aqui. paro minha vida pra cuidar da sua  eu te amo,1.0
636,esse  esta so a minha realidade na clinica com a/os jovens,1.0
176,o mpdft apoia a campanha de prevencao ao suicidio e valorizacao da vida.,1.0
656,"pode haver ainda um efeito psicologico. a  pode provocar sentimentos como ansiedade, incerteza e medo, fatores que podem comprometer a  de todos que a vivenciam.",1.0
269,"""o que acontece se voce se matar?"" eu a thread;  ",1.0
361,"faz campanha , mas debocha e julga quem sofre de  eu aqui so vendo...",1.0
690,vamos acompanhar de perto esse processo para garantir que a populacao da zona oeste tenha acesso aos seus direitos.   nao existe saude sem saude mental.,1.0
631,"se vc faz terapia, em algum momento podera ser chamada de egoista. isso pq algumas pessoas nao admitem perder o posto de prioridade de sua vida.  fazer terapia nao e egoismo e revolucao!     ",1.0
47,"bom dia pra quem acordou tendo que ir trabalhar la ma taquara, pertinho!         ",0.0
323,nao deixem nunca o pior acontecer. vamos previnir o suicidio gente! vem saber como aqui:,1.0
488,"voce nunca deixa seu celular descarregar completamente, ne? tenho certeza que ao primeiro sinal do fim da bateria voce ja se compromete a coloca-lo pra carregar.  que esse cuidado tambem se estenda pra sua vida pessoal. no primeiro sinal de desanimo, recarregue-se!  ",0.0
390,procure ajuda estamos aqui para te ajudar,0.0
439,lembrem-se: um dia de cada vez. nao se sobrecarreguem.,0.0
127,concordo plenamente!  linda!e sou muito fa de  desde  nota dez!,0.0
196,"se permita ser ajudado e nao diga ""julgar e facil"" e sim eu aceito ser ajudado.   ",1.0
202,acho que ele recebeu uma ligacao do centro de valorizacao da vida,1.0
252,minha faculdade ta tipo um minions...,0.0
564,camila pitanga perfeita na serie .,0.0
64,hahahaha fui googlar suicidio e olha o que aparece precisa de ajuda? brasil: 141 centro de valorizacao da vida,1.0
118,vou ligar ali no centro de valorizacao da vida e bater um papo sobre a barra que e gosta de voce.,1.0
431,se afaste de pessoas que perturbam sua saude mental e depois reclamam que voce mudou.,1.0
368,que tal conquistar uma relacao de confianca com voce mesmo?,0.0
86,centro de valorizacao da vida,1.0
365,"ligue para o centro de valorizacao da vida disque 141 vale a pena lutar pela sua vida, voce e importante ",1.0
575,enquanto o cego nao tem nada! . .,0.0
346," pensa isso nao, estou aqui ",0.0
632,nao ha uma linha cientifica que prove que pessoas que disponham de conforto e bens materiais nao possam sofrer de depressao ou de ansiedade.,1.0
568,filme com a menor nota que ja vi na vida,0.0
119,"""eu era crianca, mas as consequencias de uma decisao me tornou adulto"".   ",0.0
288,"mais uma se foi, mais uma tirou sua vida, mais uma fingiu esta tudo bem, mais uma perdeu seus sonhos e esperancas.  ",1.0
527," kkkkkkkkkkkkkkk ei man se tiver dificil a vida desiste nao ligue 188'centro de valorizacao da vida, la vc vai ter alguem pra te ouvir",1.0
402,"e se voce estiver precisando desabafar, ligue para o telefone 141 do cvv - centro de valorizacao da vida, que mantem um programa de prevencao ao suicidio baseado na doacao da amizade. alem disso, confie em deus, pois ele deseja a felicidade de todos os seus filhos.",1.0
304,"ninguem sabe a dor que a pessoa que idealiza suicidio esta vivendo; sejamos humildes, oferecamos ajuda, carinho, amor... ",1.0
577,dia da mentira ja passou... mas quantas mentiras voce continua contando a voce que atrapalham seu autocrescimento? . . . . . . .,0.0
557,voces sabem que ser profissional da saude e ta chovendo canivete e a gente ser o guarda chuva   covid-19 l,0.0
465,http dps vao de,0.0
102,e amanhaaaa,0.0
158,aula maravilhosa,0.0
373,espalhe amor! coloque um  e eu direi o que gosto em voce.,0.0
410,"""os unicos que nao tem cicatrizes foram aqueles que abandonaram o combate!"" - psicologa cristina galindo.         ",0.0
150,precisa de ajuda? brasil: 141 centro de valorizacao da vida. :),1.0
261,"lembre de si como uma peca fundamental nesse quebra cabeca universal, cada peca no seu lugar, nao a tire do lugar. ",0.0
267,fui numa palestra muito informativa sobre prevencao do suicidio,1.0
421,e o do centro de valorizacao da vida,1.0
408,hoje e o dia mundial de combate ao cancer e quero deixr um lembrete para voces mantenham habitos saudaveis para a prevencao da doenca e mantenham seus exames em dia!   #...,1.0
215,combinaram de ir de amarelo pra facul hj por conta do,0.0
476,"como se nada disso tivesse acontecido, como se nada disso tivesse sido real.             ",0.0
556,"hoje vimos ""eu me importo"" da netflix. gostei bastante. vi algumas pessoas reclamando que perderam 2h da vida. achei bem bom.  ",0.0
429,"pensando se comeco a ver ,  ou se revejo , hehe.",0.0
162,sou voluntaria do cvv - centro de valorizacao da vida - e sei o quanto a solidao e o mal do seculo.,1.0
620,por que sera que  deu para as mulheres uma  de elefante que se lembra como se fosse ontem cada ofensa e cada palavra que machucou? uma memoria  quase fotografica! eu queria  e esquecer pra sempre.,0.0
622,"o ressentimento e quando, atraves de nossa memoria, ficamos sentindo novamente aquilo que sentimos em situacao passada. o problema do ressentimento e que ele nos impede de ter novos sentimentos em relacao as pessoas e a novas situacoes. com ele vivemos no passado... ",0.0
370,"adorei essa corrente hahaha  comente """" que eu falo algo bonito em voce    ",0.0
367,falar e a melhor solucao!!,0.0
540,dps vc usa a tag de  ne seu filho da puta hipocrita do crlh,0.0
259,sera top!,0.0
391,"nem tudo esta perdido, jesus e a solucao para o seu problema. ",0.0
627,"caminhada ok, vitamina d ok, alivio pra saude mental ok.  ",0.0
182,"gente q movimento maravilhoso,precisamos d espalhar amor,carinho e ajudar se a pessoa quiser ser ajudada ",1.0
146,se eu quisesse conselho eu ligaria no cvv.  centro de valorizacao da vida. eu vou te processar porque preciso de dinheiro mesmo,1.0
609," o centro de valorizacao da vida realiza apoio emocional e prevencao do suicidio, atendendo voluntaria e gratuitamente todas as pessoas que querem e precisam conversar, sob total sigilo por telefone, email e chat 24 horas todos os dias. ligue 188   voce nao esta sozinho ",1.0
9,"""as vezes, para se aproximar e preciso primeiro tomar distancia.""   ",0.0
171," pois e... ao contrario do que dizem quem quer se suicidar avisa sim, de uma forma ou de outra ",1.0
198,queria saber se essa galerinha que coloca no face  diz aquela frase imbecil: bullying forma carater,0.0
519,faca seu contato conosco:   (21) 99586-0783  contato@clinicademedicinadaalma.com.br,0.0
43,"que legal, quando digita suicidio no google aparece o nome do centro de valorizacao da vida",1.0
509,"vai passar rapido, infelizmente. mas eu to aqui pra ajudar da melhor forma que eu posso, nao se importem em me chamar nunca. pode chamar na dm e dizer desde um ""quero desabafar"" ate um ""preciso de uma amiga"". cuidem-se e se precisarem liguem no 188, centro de valorizacao da vida+",1.0
120," parabens por abordar este tema e trazer desta forma para nos. ""a loucura esta nos olhos de quem ve""  ",1.0
34,hoje e o dia mundial do ave,0.0
281,eu so queria ter um crush so pra me,0.0
257,"entrando na  tbb comente um """" e eu digo algo que eu gosto ou acho bonito em voce.  ",0.0
528,"o cvv - centro de valorizacao da vida realiza apoio emocional e prevencao do suicidio, atendendo voluntaria e gratuitamente todas as pessoas que querem e precisam conversar, sob total sigilo por telefone, email e chat 24h todos os dias 188 .",1.0
529,"uma crise sem preparo profissional pra isso. pecam que a pessoa ligue para o 188 (centro de valorizacao da vida). mas, mais uma vez eu digo, tomem cuidado para nao piorar uma situacao que ja e complicada.",1.0
345,"esta vendo, existem opcoes para voce cuidar da sua saude.  ",1.0
671,ligue 188 - cvv centro de valorizacao da vida.  o cvv realiza apoio emocional e prevencao ao suicidio  voce nao esta sozinho(a),1.0
388,eu tenho depressao     julguem menos e ajudem mais,1.0
232,voce nao esta sozinho. prevencao de suicidio: 141 0800 273 8255 0800 290 0024,1.0
61,ufa! fui e voltei. sem traumas.,0.0
393,"iniciar uma nova semana sempre nos traz a sensacao de um novo recomeco, novas oportunidades. inicie sua semana acreditando mais em voce, nao perca a fe de que para tudo existe um jeito.  ",0.0
77," suicidio pesquisar ""precisa de ajuda? brasil: 141 centro de valorizacao da vida""",1.0
423,"gente aquele video daquelas duas meninas falando do ensino medio e lalala so acho que e um pedido de ajuda.  voces que tao zuando ai, depois n vem com  nao, que na hora de zuar ce n pensa nem duas vezes.  imagina quando e voce q ta em crise, so imagina.",1.0
607," encontre ajuda fale com um profissional hoje centro de valorizacao da vida disponivel 24 horas por telefone e no seguinte horario por chat: dom - 17h a 01h, seg a qui - 09h a 01h, sex - 15h as 23h, sab - 16h a 01h. saiba mais",1.0
219,ouvindo a playlist em homenagem ao  do  e to quase em lagrimas aqui na agencia,0.0
329,hoje a aula foi mt amor,0.0
296,"faz textao sobre o , mas chama o (a) ex de louco (a).",0.0
154,quando vamos ter  novamente? ja faz muita falta!!!! :(,0.0
109,"a  se vai, mas me deixou de presente essa maravilha que e . gratidao ",0.0
15,venha dividir seu tempo com quem precisa dividir sentimentos! o centro de valorizacao da vida (cvv) de sao goncalo-rj esta oferecendo o...,1.0
458,tem umas meninas que nao perdem a oportunidade de menosprezar ou querer humilhar outra e ai chega o fim do ano e tao la postando,1.0
175,a vida sempre encontra um jeito.,0.0
