,date,tweet,label
39,2014-05-05,"""dentro de um suicida, ha alguem querendo viver.""  em campanha do centro de valorizacao da vida, cartas de suicidas sao reescritas, criando",1.0
227,2014-09-24,".... confira, retuitem e sigam  e juntem-se ao movimento!!!!!! ",0.0
228,2014-09-26,e me mandaram p central d ajuda da cvv (centro de valorizacao a vida),1.0
229,2014-09-28,terminei de ler  agora vou partir para,0.0
230,2014-09-28,"sabia que se vc digitar ""suicide"" no google aparece o telefone do centro de valorizacao da vida ? palmas.",1.0
231,2014-09-28,estar empatico ao outro nao e ser simpatico,0.0
232,2014-10-01,luis fabiano na proxima temporada de sessao de terapia.,0.0
233,2014-10-01,hoje a experiencia no caps foi otima. aprendi a fazer ponto cruz.,0.0
234,2014-10-01,passei em ... !que venha o proximo estagio,0.0
235,2014-10-09,"""as vezes, para se aproximar e preciso primeiro tomar distancia.""   ",0.0
236,2014-10-10,"""juntos podemos proporcionar esperanca a todos que sofrem de esquizofrenia e outras doencas mentais graves"" ban ki-moon ",1.0
237,2014-10-10,- como vai a sua?         iv encontro de saude mental de jaragua do sul e iii encontro de saude mental dos municipios da amvali,1.0
238,2014-10-10,vou ligar pro centro de valorizacao da vida,1.0
239,2014-10-10,seja sua propria luz.   be your own light.,0.0
240,2014-10-14,ver o ravel na novela da globo e lembrar do diego &gt;&lt;  o saudade da,0.0
241,2014-10-15,venha dividir seu tempo com quem precisa dividir sentimentos! o centro de valorizacao da vida (cvv) de sao goncalo-rj esta oferecendo o...,1.0
242,2014-10-16,cansada hj medico... amanha  dias agitados ultimamente.... -- se sentindo cansada,0.0
243,2014-10-16,nilsa madsen explica o trabalho realizado no centro de valorizacao da vida.,1.0
244,2014-10-17," 3321-4111 cvv centro de valorizacao da vida reclame, valorizamos sua reclamacao.",1.0
245,2014-10-20,"busque ajuda! quanto mais tardio o tratamento,  mais distante seu filho vivera de todos.     ",0.0
246,2014-10-22,"o exercicio e um , e pode ajudar a mante-lo mentalmente saudavel.  ",0.0
247,2014-10-23,odeio leis ! se eu gostasse tinha ido para advogada. nao fui pois nao?,0.0
248,2014-10-24,bom dia! e hoje,0.0
249,2014-10-27,"boa noite, migos     ",0.0
250,2014-10-27,quase 18 mil tts para nao!!!!,0.0
251,2014-10-27,"gente, da uma forcinha  ",0.0
252,2014-10-27,"acho q n e p falar da causa da morte da clara, porem as pessoas precisam saber o quanto e grave a depressao!  ",1.0
253,2014-10-28," ola, podes ajudar a esta campanha, pfv? obrigada e sucesso!   ",0.0
254,2014-10-28,"galera usem a tag  e  e por uma boa causam, ajuda plss",0.0
255,2014-10-28," e voce merece uma homenagem linda, ate pq ",0.0
256,2014-10-28,"""como e que eu faco agora? como e que eu faco pra dar sentido pra uma vida que so parece ter sentido com voce?"" ",0.0
257,2014-10-28,continuando na campanha pela homenagem a clara e lembrando que,0.0
258,2014-10-28,apoio!,0.0
259,2014-10-29,me deixa,0.0
260,2014-10-29,hoje e o dia mundial do ave,0.0
261,2014-10-29,beijo,0.0
262,2014-10-29,vou dormir bjs,0.0
263,2014-10-29,como lidar c luiz felipe c ciume de thalitinha?  #arcticmonkeyslovesyouclara,0.0
264,2014-10-29,bom dia!,0.0
265,2014-10-29,boraa,0.0
266,2014-10-30,"certas coisas a gnt joga no mar do esquecimento, e se alguem voltar ao assunto finja que nao lembra ;) ",0.0
267,2014-10-31,dia de apresentar o trabalho de dependencia quimica,0.0
328,2015-02-26,so os loucos conseguem me entender.,0.0
329,2015-03-02,"que legal, quando digita suicidio no google aparece o nome do centro de valorizacao da vida",1.0
330,2015-03-02,vale a pena conferir!,0.0
331,2015-03-03,amando minha facul de psicologia.!!,0.0
332,2015-03-04," nao se suicide, ligue para 141: centro de valorizacao da vida. nao quero nenhum idiota me processando porque o filhinho (...) wtf",1.0
333,2015-03-04,"bom dia pra quem acordou tendo que ir trabalhar la ma taquara, pertinho!         ",0.0
334,2015-03-06,"oficialmente voluntario do projeto pibex ""cuidando do cuidador"" da prof. dra aline beckmann!   ",0.0
335,2015-03-06,a  presso,0.0
370,2015-05-06,melhor lugar do mundo: celula,0.0
371,2015-05-08,"centro de valorizacao da vida (cvv), telefone 141",1.0
372,2015-05-12,gente a dora vai voltar,0.0
373,2015-05-12,galera da espocc no lancamento da campanha jovem negro vivo.  fotos: lucas jatoba,0.0
374,2015-05-17,"nao leve seus problemas emocionais para a sociedade. faca . se nao sua vida virara um poco sem fundo, uma avalanche.",1.0
375,2015-05-25,; ali estaremos para seguir compartindo e aprendendo sobre  e,0.0
376,2015-05-25,"- ""alo, centro de valorizacao da vida"" -eu nao aguento mais ser fa do asking me ajudem",0.0
377,2015-05-28,consultar um psicologo e uma atitude de coragem. ligue no (0xx11) 3101-8449 e agende seu horario.,1.0
378,2015-05-28,isabel em,0.0
379,2015-06-05,pesquisei como cometer suicidio no google e mostraram o numero do centro de valorizacao da vida ai n mereco,1.0
380,2015-06-06,"crise financeira significa todas linhas do centro de valorizacao da vida sempre ocupadas. mas brasileiro e um povo alegre e festivo, neam?",1.0
381,2015-06-07,ufa! fui e voltei. sem traumas.,0.0
382,2015-06-10,o centro de valorizacao da vida atua de maneira relevante na prevencao do suicidio em todo o brasil 24h atraves do numero 141,1.0
383,2015-06-10,"mil e uma coisas para fazer e eu morrendo de sono, pode isso? num pode!!! kkkk '     ",0.0
384,2015-06-12,hahahaha fui googlar suicidio e olha o que aparece precisa de ajuda? brasil: 141 centro de valorizacao da vida,1.0
385,2015-06-18,tenho a sensacao que so meu terapeuta me entende...,1.0
386,2015-06-20,no centro de estudos e integracao humana.       -crescimento,0.0
387,2015-06-23,centro de valorizacao da vida kkkkkkkkko,1.0
388,2015-06-26,vc vai liga pro centro de valorizacao da vida pq vc esta com colica,1.0
389,2015-06-28,141  centro de valorizacao da vida  :( (vou ligar),1.0
390,2015-06-28,que vc esteja bem,0.0
391,2015-07-01,"senhor, eu so tenho a agradecer, a tudo que estou vivendo   jaja tem estagio no abrigo, boraceia .  eu semp quis,  ",0.0
392,2015-07-02,cvv = centro de valorizacao da vida. vc liga 141 e desabafa seus problemas.,1.0
393,2015-07-05,dai ce liga no centro de valorizacao da vida e desabafa,1.0
394,2015-07-06," tive amnesia e alzheimer, aonde clica pra tratar ",0.0
395,2015-07-06,alex todo encolhido! momento,0.0
396,2015-07-08,"hoje sou a ester, uma adolescente de 16 com transtornos psiquiatricos. ate sem em quem me inspirar. hahahahah  :)",0.0
397,2015-07-11," suicidio pesquisar ""precisa de ajuda? brasil: 141 centro de valorizacao da vida""",1.0
398,2015-07-13,agora que eu vi que a maioria dos atores do seriado  foi pra novela,0.0
399,2015-07-13,"""o casamento e um risco para a vida das mulheres"", diz medica especialista em saude mental feminina http://ow.ly/pxlps  ",0.0
400,2015-07-14,postagem 123! (pontuacao 131)  quando eu me importo tenho a missao de ser usada em minha geracao.,0.0
401,2015-07-15,de amanecida estudiando!,0.0
402,2015-07-16,pq existe um centro de valorizacao da vida?,1.0
403,2015-07-16,enamorada de,0.0
404,2015-07-16,"""todas as vitorias ocultam uma abdicacao."" simone de beauvoir      ",0.0
405,2015-07-20,?vives o sobrevives?,0.0
406,2015-07-20,centro de valorizacao da vida,1.0
407,2015-07-22," eu achei tao ruim que falei ""ok google, quero me matar"" para o meu cel e ele me deu o numero do centro de valorizacao da vida",1.0
408,2015-07-24,e a parti de ontem foi decretado pelo conselho interno intelectual do piter piter que o mesmo nao usara nbome nunca mais .,0.0
409,2015-07-25,isto e  uma juventude que se importa!,0.0
410,2015-07-27,"cvv e o centro de valorizacao da vida, vc liga la pra desabafar seus problemas e nao se matar",1.0
411,2015-07-27,deus no controle,0.0
412,2015-07-30,"fiz minha parte..


  ",0.0
413,2015-07-30,eu ouvindo btl e saltando nos sofas,0.0
414,2015-08-02,status: querendo o theo como terapeuta!,0.0
415,2015-08-03,essa e a hora em que voce pesquisa algo no google e a primeira sugestao ''precisa de ajuda? centro de valorizacao da vida'',1.0
416,2015-08-03,el dialogo elevado a tecnica retorica.,0.0
417,2015-08-06,adorei a reportagem sobre ansiedade da  desse mes! recomendo!,1.0
418,2015-08-06,""" se apaixonar nao tem haver com a logica, e algo irracional sem questionamentos iniciais... theo s03e06 "" ",0.0
419,2015-08-11,consulta psicologica online nacional e internacional. contacto: rebecamachado.cp@gmail.com  .,1.0
420,2015-08-14,mentira eu liguei pro centro de valorizacao da vida e vi que esses cara tem a vida pior que a minha '-',1.0
421,2015-08-15,jaja tem projeto,0.0
422,2015-08-16,e amanhaaaa,0.0
423,2015-08-21,video super importante para toda nossa sociedade!,0.0
424,2015-08-21,quem sou eu para negar ajuda a quem precisa?  por isso eu amo meu trabalho!,1.0
425,2015-08-21,que duvidas vc tem a respeito da terapia? mande o seu tweet para mim que eu responderei!,1.0
426,2015-08-23,"minha psiquiatra disse q eu preciso fazer . mas o q eu preciso mesmo e voltar a conversar sozinho no twitter, como antigamente.",1.0
427,2015-08-24,simbora foucaultiar,0.0
428,2015-08-24,retweeted ana girlene oliveira ():  cvv ( centro de valorizacao da vida) esta com apenas 12 voluntarios.,0.0
429,2015-08-25,"a  se vai, mas me deixou de presente essa maravilha que e . gratidao ",0.0
430,2015-08-28,centro de valorizacao da vida',1.0
431,2015-08-29,"ansiedade ja pode ir embora porque o sono ja esta vindo ook ?, ",1.0
432,2015-08-29,ligamos pro cvv (centro de valorizacao da vida) kkk,1.0
433,2015-08-30,fazendo trabalho sobre esquizofrenia.,0.0
434,2015-08-31,"escolhe, pois, a vida! ",0.0
435,2015-09-02,pra essa tua vontade,0.0
582,2016-02-10,sobre o caos. conversa que se desdobra e se refaz em mim.,0.0
586,2016-02-18,"""a que e o amor se nao outro nome para reforcamento positivo."" - skiner;    ",0.0
640,2016-05-28,vou ligar ali no centro de valorizacao da vida e bater um papo sobre a barra que e gosta de voce.,1.0
641,2016-05-30,"""eu era crianca, mas as consequencias de uma decisao me tornou adulto"".   ",0.0
642,2016-06-01," parabens por abordar este tema e trazer desta forma para nos. ""a loucura esta nos olhos de quem ve""  ",1.0
643,2016-06-01,muito importante o tema do  de hoje!,0.0
644,2016-06-01,"sobre o profissao reporter: certeza de que escolhi a profissao correta e que preciso muito contribuir...  e cuidado, e amor!",0.0
645,2016-06-01,paciente do instituto nise enterrado em cova de indigente pq nao tem familia. amigos improvisaram a placa.,0.0
646,2016-06-01,um dos melhores tematicas desses dez anos   altamente reflexivo...,0.0
647,2016-06-01,"programa sobre saude mental, agora.     ",1.0
654,2016-06-08,vou ter que assistir um episodio,0.0
655,2016-06-09,concordo plenamente!  linda!e sou muito fa de  desde  nota dez!,0.0
656,2016-06-10,cvv? (centro de valorizacao da vida),1.0
657,2016-06-10,"""existe uma linha muito tenue entre se preocupar e se sacrificar"" ",0.0
658,2016-06-11,eu nao aguento mais o tumblr me redirecionando pra centro de valorizacao da vida,1.0
659,2016-06-14,"ha pessoas tao desequilibradas: que nem uma consulta com o theo de  resolve, rs!",1.0
660,2016-06-16,"""diferente de uma conversa com uma pessoa proxima, a psicoterapia nao funciona apenas como um aconselhamento""  ",1.0
661,2016-06-17,deixei de dar explicacoes a quem so entendia o que queria...,0.0
662,2016-06-18,"vo ligar pro 141, que e o numero do centro de valorizacao da vida",1.0
663,2016-06-22,estou impressionado com algumas series nacionais tipo  e,0.0
664,2016-06-23,mas antes de eu ir pra psiq eu ficava vendo filmes e as vezes eu ligava ou conversava com alguem do centro de valorizacao da vida,1.0
665,2016-06-25,e tambem com aquelas que ja fazem terapia. :) essencial!   https://t.co/wotaj8bl82,1.0
666,2016-06-25,concordo c/ pequeno editorial do globo: falta (e muito) solidariedade da sociedade c/ assassinatos em serie de policias.,1.0
667,2016-06-25,cvv e o centro de valorizacao da vida,1.0
668,2016-07-06,precisa de ajuda? brasil:  141  centro de valorizacao da vida,1.0
669,2016-07-06," oh pesquisei, um e algo de cartao de credito, outro e centro de valorizacao da vida, e esse ultimo??? kkk",1.0
670,2016-07-06,"+ tomar um remedio para controlar, o que voce devia conseguir controlar naturalmente. ",1.0
671,2016-07-14,sou cheia de bipolaridade !,1.0
672,2016-07-14," e o numero do cvv, centro de valorizacao da vida. qualquer coisa...",1.0
673,2016-07-17,"fui digitar ""se suicidar"" no google pra ve se tava certo, apareceu um centro de valorizacao da vida kkkkkkk",1.0
674,2016-07-21,se eu quisesse conselho eu ligaria no cvv.  centro de valorizacao da vida. eu vou te processar porque preciso de dinheiro mesmo,1.0
675,2016-07-22,"  !!!  desde , , acompanho, passando pelo  atriz sensacional!! ",0.0
676,2016-07-23,cvv - centro de valorizacao da vida,1.0
677,2016-07-23,"se eu tenho nojo de certas coisas que eu vejo aqui, imagina deus?    ",0.0
678,2016-07-24,precisa de ajuda? brasil: 141 centro de valorizacao da vida. :),1.0
679,2016-07-25," , entao sdv??",0.0
680,2016-07-26,dica do dia e para a vida: faca psicoterapia.... e libertador!,1.0
681,2016-07-27,nao e normal pegar v.s. na faculdade e chorar de nervoso e ter insonia.,0.0
682,2016-07-31,quando vamos ter  novamente? ja faz muita falta!!!! :(,0.0
683,2016-08-07,"qndo vc procura como se matar no google aparece:  ""precisa de ajuda? brasil: 141 centro de valorizacao da vida""",1.0
684,2016-08-11,"""a raiva e o vento que sobra, e apaga a vela da inteligencia"" ",0.0
685,2016-08-14,centro de valorizacao da vida,1.0
686,2016-08-18,aula maravilhosa,0.0
687,2016-08-19,voces sabiam que existe um centro de valorizacao da vida no brasil?,1.0
688,2016-08-20,endereco in box !,0.0
689,2016-08-22,uai! achei q cada dia da semana era uma hist diferente tipo   e q elas n se conectavam :s,0.0
690,2016-08-22,sou voluntaria do cvv - centro de valorizacao da vida - e sei o quanto a solidao e o mal do seculo.,1.0
691,2016-08-25," e uma musica bacana bem, ta no repertorio novo do bar do geraldo aos sabados! ",0.0
692,2016-08-25,o tempo e moderno mas a sociedade continua fiel aos preconceitos criados sobre a saude mental. ate quando?,1.0
693,2016-08-29," ola pablo, poderia me indicar alguns filmes com tematica sobre suicidio? valeu! ",0.0
694,2016-08-29,o 141 e o numero do centro de valorizacao da vida. se voce souber de qualquer pessoa que pensa em cometer suicidio de esse numero pra ela,1.0
695,2016-08-31,quando entrar setembro assuma esse compromisso.,1.0
696,2016-08-31," tirei 5 minutinhos pra excluir e deixar de seguir um povo ""politizado pra carai"" aqui no facebook.",0.0
697,2016-09-01,a gente nao pode passar a vida inteira fingindo que o que acontece aqui dentro nao importa...,0.0
698,2016-09-01,"espalhe o amor, porque de dor e sofrimento o mundo ja esta cheio. . ",0.0
699,2016-09-01," pois e... ao contrario do que dizem quem quer se suicidar avisa sim, de uma forma ou de outra ",1.0
700,2016-09-01,todo o homem tem o direito de morrer quando quiser!,0.0
701,2016-09-01,"[+] inverno e so uma fase ruim. em voce, a primavera ha de vir.  entao, nao desiste! acredite! voce ha de florir. [+]  ",0.0
702,2016-09-01,"mesmo quando tudo parece desmoronar, suicidio nao e uma opcao! linda iniciativa! ",1.0
703,2016-09-01,a vida sempre encontra um jeito.,0.0
704,2016-09-01,o mpdft apoia a campanha de prevencao ao suicidio e valorizacao da vida.,1.0
705,2016-09-01,"medicos ou nao, todos possuem ouvidos e abracos.       ",0.0
706,2016-09-01,a campanha pretende alertar as pessoas a procurarem ajuda caso queiram cometer suicidio.,1.0
707,2016-09-01,morrer e uma coisa que devemos deixar sempre pra depois,0.0
708,2016-09-01,so nao me mato hj pq estamos em,0.0
709,2016-09-02,galera vamos participar da campanha  de prevencao ao suicidio.,1.0
710,2016-09-02,"gente q movimento maravilhoso,precisamos d espalhar amor,carinho e ajudar se a pessoa quiser ser ajudada ",1.0
711,2016-09-02,"o suicidio mata mias jovens que a aids em todo mundo, vamos repensar esse problema enquanto sociedade ",1.0
712,2016-09-02,"ola, twitter!       ",0.0
713,2016-09-02,"a vida e o bem mais precioso que temos, vale a pena lutar por ela, mas ninguem precisa lutar sozinho. ",0.0
714,2016-09-02,que o  tenha tanta visibilidade quanto o outubro rosa e novembro azul.,1.0
715,2016-09-02," o suicidio pode ser prevenido, um de nossos objetivos com a campanha e combater o estigma que envolve o tema. ",1.0
716,2016-09-02,mulher gata nesse rosario e mato,0.0
717,2016-09-02,diga nao ao suicidio,1.0
718,2016-09-02,"o  e muito importante. e mais importante e demonstrarmos afeto, oferecer um abraco, ser um ouvinte a quem tem tanto a dizer.",0.0
719,2016-09-02,importantissimo,0.0
720,2016-09-02,nao hesite em momento algum em procurar ajuda nos estamos aqui para todos voces!!,1.0
3975,2016-09-29,serio. sem condicao psicologica para rodizio de saude mental. como proceder?,1.0
3976,2016-09-29,""" o olhar no olho, um abraco...essas coisas estao faltando hoje em dia"", jane borges do centro de valorizacao da vida ( cvv ).",1.0
3977,2016-09-29,haiwanna deveria ser proibida de tocar adriana calcanhoto no setembro amarelo,0.0
3978,2016-09-29,"se permita ser ajudado e nao diga ""julgar e facil"" e sim eu aceito ser ajudado.   ",1.0
3979,2016-09-29,quem e camila kelly pra voce? obs: copie e cole no seu mural e descubra o que os seus amigos pensam sobre voce.,0.0
3980,2016-09-29,queria saber se essa galerinha que coloca no face  diz aquela frase imbecil: bullying forma carater,0.0
3981,2016-09-29,"bla bla bla ...   comenta """" que eu falo o que eu acho bonito/gosto em voce... ",0.0
3982,2016-09-29,"se ame mais, se ache mais porque vc e alguem sim, e vc pode !!!  ",0.0
3983,2016-09-29,hoje foi dia de  na escola municipal benvinda!,0.0
3984,2016-09-29,acho que ele recebeu uma ligacao do centro de valorizacao da vida,1.0
3985,2016-09-29,qual foi a ultima vez que voce elogiou alguem?   via,0.0
3986,2016-09-29,"ta chegando meu comentario na . o de ontem, sobre suicidio e , rendeu varios elogios. valeu! espero voces as 7h45.",1.0
3987,2016-09-29,"vamos la.  comente """" que eu falarei algo que eu gosto ou acho bonito em voce.    ",0.0
3988,2016-09-29,"""pois ele e a voz que fala ao coracao sobre esperanca e um futuro alem do que se pode ver.""   ",0.0
3989,2016-09-29,"com o lollapalooza ai fica facil se matar mesmo, com o tanto de idiota que ta brotando na minha timeline. ",0.0
4032,2016-10-15,"busque ajuda imediata se estiver querendo se matar. ligue para o centro de valorizacao da vida, numero 141, ou va ao hospital mais proximo.",1.0
4035,2016-10-18,"e as vezes, tem lutas que nao podemos vencer sozinhos.    ",0.0
4036,2016-10-19,muito ansiosa pra comecar meus atendimentos. vem logo novembro e que deus me ajude,0.0
4037,2016-10-20,ja tamo em outubro mas ainda to chocada por ngm ter comentado no   sobre os indios dominarem o ranking de suicido no brasil,1.0
4038,2016-10-23,isso acontece com a campanha do . todo mundo se sentiu motivado e se propuseram a mudar a vida das pessoas.,1.0
4923,2017-09-05,"facil postar  , dificil ajudar alguem que esta precisando!",0.0
4924,2017-09-05,faltam 10 dias *,0.0
4925,2017-09-05,combinaram de ir de amarelo pra facul hj por conta do,0.0
4926,2017-09-05,mano vcs nao sabem como e lindo conseguir lidar com a depressao e conseguir ver a vida colorida novamente,1.0
4927,2017-09-05,so relembrando  reflitam!!!,0.0
4928,2017-09-05,pensando aqui com o  se por acaso ja me enquadro na categoria depressao ou nao,1.0
4929,2017-09-05,ouvindo a playlist em homenagem ao  do  e to quase em lagrimas aqui na agencia,0.0
4930,2017-09-05,pra que se mata se vamos todos morrer,1.0
4931,2017-09-05,"""voce quer ir embora de voce, como se voce nao lhe fosse todos os destinos possiveis""    ",0.0
4932,2017-09-05," por + que vc julgue a pessoa merecedora de seus comentarios podres e destrutivos, guarde eles pra ti!! ",1.0
4933,2017-09-05,"comente um """" e eu escrevo algo que seja bonito/bom em voce. ",0.0
4934,2017-09-05,precisa conversar? liga 141(numero da central de valorizacao da vida) ou me manda um whats/dm/direct!,1.0
4935,2017-09-05,"voce e foda, guerreira (o) e vitoriosa (o).  bom dia !  ",0.0
4936,2017-09-05,"depressao nao e drama, nao e frescura, nao e carencia de atencao. depressao e uma doenca seria e deve ser levada a serio.  ",1.0
4937,2017-09-05,voce e insubstituivel! nao tenha vergonha de pedir ajuda. prevencao de suicidio:  141 0800 273 8255 0800 290 0024,1.0
4938,2017-09-05,"prevencao ao suicidio cvv brasil 141 0800 290 0024 nao compartilhe, copie e cole!  ",1.0
4939,2017-09-05,quem tem o thiago nao sofre de depressao,1.0
4940,2017-09-05,por mais dificil que seja falar sempre ajuda,0.0
4941,2017-09-05,nao tenha medo de pedir ajuda!!!!,0.0
4942,2017-09-05,voce nao esta sozinho. prevencao de suicidio: 141 0800 273 8255 0800 290 0024,1.0
4943,2017-09-05,"nao precisamos de reconhecimento so em setembro, e sim por todas as nossas lutas, passadas e presentes, sejam quais forem. ",1.0
4944,2017-09-05,"elogiar e talvez o toque mais terno do ser humano em outro, q nos encoraja a reconhecer o potencial q nos e dado por deus.",0.0
4945,2017-09-05,prevencao ao suicidio: cvv brasil 141  0800 290 0024,1.0
4946,2017-09-05,"esse pode compartilhar, copiar, fazer qualquer coisa... previnir o suicidio e o mais importante.  ",1.0
6024,2017-09-13,"tenho uma amiga que vive falando q a vida dela e uma merda ,e que ja pensou em se matar varias vezes ,mas n sei como ajudar ",1.0
6025,2017-09-13,"75% dos casos de suicidio no mundo ocorrem em paises subdesenvolvidos ou em desenvolvimento. (oms, 2014) ",1.0
6026,2017-09-13,a nova campanha do setembro amarelo e homenagear algum amg seu colocando a foto dele no seu perfil do whatsapp,1.0
6027,2017-09-13,"vamos comecar a espalhar gentileza todos os dias, ai nao vamos precisar ficar fazendo campanha de ",0.0
6028,2017-09-13,a depressao e pior que o cancer. o cancer te faz ter vontade de viver.,1.0
6029,2017-09-13,precisamos prestar mais atencao aos sinais daqueles que estao ao nosso redor...,1.0
6030,2017-09-13,eu apoio aa vida a sua vida tem sentindo  nao desista  depressao xo diga sim a vida,1.0
6031,2017-09-13,"- fiquem atentos, sempre ha alguem do seu lado precisando de ajuda !   ",1.0
6032,2017-09-13,"  ame a si mesmo, voce e valioso",0.0
6033,2017-09-13,qual legenda voce daria para esta imagem? muitas vezes e nosso proprio cerebro que cria nossas prisoes internas.,0.0
6034,2017-09-13,"fique atento, sempre ha alguem do seu lado precisando de ajuda !   ",1.0
6035,2017-09-13,nao desista so porque as coisas estao dificeis. voce consegue!,0.0
6036,2017-09-13,meu espirito falhou no,0.0
6037,2017-09-13,"eu sei que estamos vivenciando o , mas nao admito que algumas pessoas  me digam que a vida e muito cruel com elas.",1.0
6038,2017-09-13,lembrando q depois do azul foi publicado em parceria c/ o  e tera parte das vendas revertida p/ a instituicao,0.0
6039,2017-09-13,minha faculdade ta tipo um minions...,0.0
6040,2017-09-13,"a vida fica bem mais colorida com um simples elogio...  comente um """" e eu digo algo que eu gosto ou acho bonito em voce.  ",0.0
6041,2017-09-13,"a depressao e pior que o cancer. o cancer te faz ter vontade de viver, e a depressao de morrer.  ",1.0
6042,2017-09-13,"nao se isole, converse!   ",0.0
6043,2017-09-13,"a pessoa passa o ano todinho te julgando, chega setembro , vem fazer a sensata   sifuder. ",1.0
6044,2017-09-13,"entrando na  tbb comente um """" e eu digo algo que eu gosto ou acho bonito em voce.  ",0.0
6045,2017-09-13,"tudo tem motivo, ngm se corta atoa [...] eles precisam da sua ajuda      ",1.0
6046,2017-09-13,sera top!,0.0
6047,2017-09-13,e que comece o semestre de verdade.,0.0
6048,2017-09-13,"lembre de si como uma peca fundamental nesse quebra cabeca universal, cada peca no seu lugar, nao a tire do lugar. ",0.0
6049,2017-09-13,"setembro amarelo, nao se acanhe, chega mais, vamos conversar e tirar o que tanto te incomoda ",1.0
6050,2017-09-13,"quando estiver sentido-se mal, ou ate pensando em fazer besteira, lembre-se, voce ta melhor que eu ",1.0
6051,2017-09-13,"agora todo mes simboliza uma coisa, mas resolver o problema nada. #combaterosuicidio, e as causas, quem vai tratar????",1.0
6052,2017-09-13,"suicidio nao e escolha, e a falta dela ",1.0
6053,2017-09-13,"lembrem-se sempre de se importarem agora, darem atencao agora, cuidar agora, amanha pode nem mesmo chegar. ",1.0
6054,2017-09-13,fui numa palestra muito informativa sobre prevencao do suicidio,1.0
6055,2017-09-13,"   prevencao de suicidio:  141  copie e cole ou de retweet, ajude, e algo importante.",1.0
6056,2017-09-13,"""o que acontece se voce se matar?"" eu a thread;  ",1.0
6057,2017-09-13,minha porta esta sempre aberta a qualquer um que precise conversar.,1.0
6058,2017-09-13,seja solidario.  voce nunca sabe o que a outra pessoa esta passando.,1.0
6059,2017-09-13,"enfrente a vida e nao desista dela, a vida nao pode parar, sempre havera um sonho a se realizar!    ",0.0
6060,2017-09-13,se preocupar com os outros mas nao so em,0.0
6061,2017-09-13,depressao e doenca sim e precisar ser respeitada e tratada. falar e a melhor solucao!,1.0
6062,2017-09-13,ja avisaram que a melhor forma de prevenir o suicidio e nao tentar se matar?!,1.0
6063,2017-09-13,e o caralho porra,0.0
6064,2017-09-13,"gostei desse:   comente um """" e eu digo algo que eu gosto ou acho bonito em voce.  ",0.0
6065,2017-09-13,"abrace, acolha, zele, ame, faca se presente, seja cura. seja luz. seja amor. seja alma. seja.  ",0.0
6066,2017-09-13,tempestades nao duram para sempre...,0.0
6067,2017-09-13,"suicidio e coisa seria,  nao e so pq tu ouviu a pessoa que esta tudo resolvido ",1.0
6068,2017-09-13,eu so queria ter um crush so pra me,0.0
6069,2017-09-13,"levantei as seis da manha, fiz um cafe monstro, corri 8km. nao quero ter mais crises.   ",1.0
6070,2017-09-13,"quase 1 milhao de pessoas se matam por ano, de 10 a 20 milhoes tentam o suicidio todo ano.  ",1.0
6071,2017-09-13,"e fazem isso tudo ficar mais leve! entao nesse setembro tenha ""empatia"" ",1.0
6072,2017-09-13,mas como vamos fazer algo pelo mundo quando as pessoas dizem pra nao termos esperanca nem em nos mesmos?,0.0
6073,2017-09-13,"nao rejeite ajuda a quem precisa, vc poder ser a ultima esperanca dessa pessoa. ",1.0
6074,2017-09-13,nivel de ansiedade: to nervosa porque vou falar com o psicologo daqui a 3min,1.0
6075,2017-09-13,"mais uma se foi, mais uma tirou sua vida, mais uma fingiu esta tudo bem, mais uma perdeu seus sonhos e esperancas.  ",1.0
6076,2017-09-13,como vai voce?,0.0
6077,2017-09-14,"vamos falar sobre o suicidio ???   nao deixem passar ""em branco"" pois pode acabar sendo tarde demais!!! u.u",1.0
6078,2017-09-14,"  vc nn eh lixo, voce eh especial &lt;3 ",1.0
6079,2017-09-14,tua porta pode salvar uma vida,1.0
6080,2017-09-14,todos temos motivos para lutar pela vida.,1.0
6081,2017-09-14,"e nem sempre somos fortes pra vencer essa guerra! tem dias que somos leoes, tem dias que somos ovelhas!   ",0.0
6082,2017-09-14,"suicidio vai ser o tema do nosso trabalho, melhor escolha!   falar e a melhor solucao",1.0
6083,2017-09-14,"faz textao sobre o , mas chama o (a) ex de louco (a).",0.0
6084,2017-09-14,o jlbr esta participando da campanha da  se voce precisa desabafar. converse. nossas dms estao abertas,1.0
6085,2017-09-14,"...sem abrir mao do acompanhamento especializado, quando este for indicado.    ",1.0
6086,2017-09-14,facam valer o  e que os ensinamentos dele sejam levados para toda uma vida.,1.0
6087,2017-09-14,"comente """" que eu falo algo que eu gosto em voce. ",0.0
6088,2017-09-14,eu acho legal vcs querendo ajudar as pessoas mas tipo nao facam igual mimha amiga faz me expondo e levando na brincadeira,0.0
6089,2017-09-14,to amando a repercussao do meu status! lindo de ver a reacao das pessoas!,0.0
6090,2017-09-14,sei que nao e facil,0.0
6091,2017-09-14,"ninguem sabe a dor que a pessoa que idealiza suicidio esta vivendo; sejamos humildes, oferecamos ajuda, carinho, amor... ",1.0
6092,2017-09-14,"comente um """" e eu digo algo que eu gosto ou acho bonito em voce.",0.0
6093,2017-09-14,"a marca mais bonita do seu corpo e o seu sorriso, nao faca outras   ",0.0
6094,2017-09-14,tao bom voce conseguir falar pro seu pai que esta com depressao e precisa de ajuda. libertador.,1.0
6095,2017-09-14,"dessa corrente faco questao de participar!!  comente um """" e eu falo algo bom/bonito em voce! ",0.0
6096,2017-09-14,vigilia do encontro,0.0
6097,2017-09-14,vigilia do encontro com deus,0.0
6098,2017-09-14,vigilia do encontro com deus dia 22,0.0
6099,2017-09-14,vigilia do encontro com deus dia 22 as 22hrs sexta,0.0
6100,2017-09-14,quando voce tem amigos que estao do seu lado nos bons e mais momentos.,0.0
6101,2017-09-14,vigilia do encontro com deus dia 22 as 22hr sexta vai arrentar,0.0
6102,2017-09-14,"se quiser conversar, chama na dm. ",0.0
6103,2017-09-14,voce sabia que no brasil 32 pessoas se matam por dia?  falar e a melhor solucao! ligue 141,1.0
6104,2017-09-14,disque 144 em caso de desespero,1.0
6105,2017-09-14,"e tao gostoso ouvir um elogio, ne?  comente """" e eu vou dizer algo que acho bonito ou gosto em voce!  ",0.0
6106,2017-09-14,e isso ai! escutar ao inves de ouvir pode salvar uma vida!,1.0
6107,2017-09-14,voce e muito importante,0.0
6108,2017-09-14,"eu queria estar na academia brasileira de letras, assistindo a palestra sobre mutilacao e suicidio sim   ",1.0
6109,2017-09-14,pede ajuda para o pessoal do cvv - centro de valorizacao da vida! mostrando o trabalho maravilhoso deste grupo de voluntarios,1.0
6110,2017-09-14,nao deixem nunca o pior acontecer. vamos previnir o suicidio gente! vem saber como aqui:,1.0
6111,2017-09-14,"temos que aprender que mesmo a imaturidade de ser verificada e  nao descartada, empatia e um meio de ajudar e educar. ",1.0
6112,2017-09-14,"e importante voce ser atencioso e amoroso sempre com as pessoas, pois voce nao sabe o que ela passa. mas seja sempre!!  ",1.0
6113,2017-09-14,"minha dm esta aberta pra quem quiser desabafar, conversar com alguem ou pra conselhos &lt;3 ",0.0
6114,2017-09-14,"""olha o sorriso de mina neguin""   agora preste atencao nos olhos, e ali que ta escondido tudo.  ",0.0
6115,2017-09-14,"""vivemos numa sociedade em que bullying e brincadeira e suicidio e drama""                        ",1.0
6116,2017-09-14,hoje a aula foi mt amor,0.0
6117,2017-09-14,"   nao que isso,, muito pelo contrario estamos aqui pra te apoiar  ",1.0
6118,2017-09-14,"nos do bs apoiamos o , uma campanha contra o suicidio. e estamos disponiveis para qualquer ajuda que voce precisar. ",1.0
6119,2017-09-14,"abra o seu coracao, falar e a melhor solucao.  ",1.0
6120,2017-09-15,"galera,  e para prevencao do suicidio e nao  pra voce fingir que se importa",1.0
6121,2017-09-15,"essa brincadeira vale a pena...   comenta um """" e eu te falo algo bom/bonito em voce ",0.0
6122,2017-09-15,"caso alguem tenha ou esta tendo problemas com depressao, por favor me chama chat ou whats. eu ja tive e posso ajudar. ",1.0
6123,2017-09-15,"comenta um """" que eu falo o que eu acho bonito em voce ",0.0
6124,2017-09-15,"a proposito, informacao util para o : se vc faz uso de medicamento continuo, pode pedir na justica.",0.0
6125,2017-09-15,"comenta um """" e eu falo o que acho mais bonito em voce.  ",0.0
6126,2017-09-15,que isso cara,0.0
6127,2017-09-15,"sim estou enfrentando depressao e bipolaridade, poderia esconder atras do tabu e silenciar, mas sou muito nova pra morrer. ",1.0
6128,2017-09-15,depressao nao e frescura..,1.0
6129,2017-09-15,a esperanca e que conversemos sobre o assunto. e necessario que a pessoa tenha atencao de quem esta a sua volta.,0.0
6130,2017-09-15,falar e a melhor solucao!  - juntos,0.0
6131,2017-09-15,"e tao bom encontrar novamente um motivo para tudo, e eu encontrei!!  ",1.0
6132,2017-09-15,"esta vendo, existem opcoes para voce cuidar da sua saude.  ",1.0
6133,2017-09-15," pensa isso nao, estou aqui ",0.0
6134,2017-09-15,"precisamos ajudar, conscientizar, espalhar muito amor e principalmente levar essa campanha adiante.  ",1.0
6135,2017-09-15,"eh tao bom receber um elogio neh? comente """" eh eu vou dizer algo que acho bonito em voce!  ",0.0
6136,2017-09-15,"cristo deu a sua propria vida pr q vc e eu tivessemos vida. por pior que seja a situacao, escolha a vida, escolha a cristo! ",0.0
6137,2017-09-15,campanha contra o suicidio.,1.0
6138,2017-09-15,passando apenas para dizer que caso alguem precise conversar sobre qualquer coisa... eu estou aqui. voce esta sozinho.,1.0
6139,2017-09-15,"sua vida e mais que preciosa, nao disista dela! oukray?  ",0.0
6140,2017-09-15,"""ta tudo bem em nao estar bem. voce e bom. sua dor importa. continue. por voce.""  ",1.0
6141,2017-09-15,jornada seridoense de valorizacao a vida.,1.0
6142,2017-09-15,"comenta um """" e eu te falo algo bom e/ou bonito em voce.  ",0.0
6143,2017-09-15,- mes dedicado ao combate e prevencao do suicidio. a equipe da secretaria municipal de meio ambiente apoia esta causa.,1.0
6144,2017-09-15,"voce nunca esta sozinho, peca ajuda. ",1.0
6145,2017-09-15,"prevencao ao suicidio cvv brasil 188 0800 290 0024 nao compartilhe, copie e cole! . obs: na pf os indices sao alarmantes.",1.0
6146,2017-09-15," desabafar, corremos risco d ser rotulada como pessoa q reclama d tudo, e muitas vezes e apenas valvula de escape.",1.0
6147,2017-09-15,todo ser humano so busca amor.,1.0
6148,2017-09-15,"faz campanha , mas debocha e julga quem sofre de  eu aqui so vendo...",1.0
6149,2017-09-15,ame a vida !!!,0.0
6150,2017-09-15,diga nao ao suicidio,1.0
6151,2017-09-15,"suicidio e um ato de desespero, de quem n percebe alternativas para lidar com a dor.   ",1.0
6152,2017-09-15,"ligue para o centro de valorizacao da vida disque 141 vale a pena lutar pela sua vida, voce e importante ",1.0
6153,2017-09-15,postar na internet que esta disponivel pra um abraco nao ajuda ninguem -,1.0
6154,2017-09-15,falar e a melhor solucao!!,0.0
6155,2017-09-15,que tal conquistar uma relacao de confianca com voce mesmo?,0.0
6156,2017-09-15,nois num que abraco nois que respeito,0.0
6157,2017-09-15,"adorei essa corrente hahaha  comente """" que eu falo algo bonito em voce    ",0.0
6158,2017-09-16,"bora entrar na onda da modinha. comente "" "" que direi o que mais acho bonito em voce. .",0.0
6159,2017-09-16,quer ajudar as pessoas a nao se suicidarem? permita que elas sejam elas mesmas! nao queira enquadra-las em suas crencas.,1.0
6160,2017-09-16,espalhe amor! coloque um  e eu direi o que gosto em voce.,0.0
6161,2017-09-16,o encontro foi lindo!,0.0
6162,2017-09-16,"o silencio pode dizer muito.  ouca, alem do que lhe dizem. oferece um ombro e um bom conselho sempre.   ",1.0
6163,2017-09-16,mentira,0.0
6164,2017-09-16,"falai seus  que quando acontece alguma coisa ficam julgando e dizendo que foi drama, tudo bem com voces?",1.0
6165,2017-09-16,irei postar videos de,0.0
6166,2017-09-16,mencione o primeiro @ da letra citada para que ele leia uma mensagem positiva,0.0
6167,2017-09-16,"voce e importante, voce e lindo(a) do jeito que e, tenha orgulho de quem voce e, voce nao esta sozinho(a)  ",0.0
6168,2017-09-16,quer uma amiga.. comente seu numero,0.0
6169,2017-09-16,mes de prevencao ao suicidio. uma pessoinha querida usa um monte de remedios..conselho q recebemos?precisa de uma surra,1.0
6170,2017-09-16,"mano, se vc ta num role onde o local apertado, entenda q esbarrar em vc e normal, n queira brigar por conta disso  ",0.0
6171,2017-09-16,"voce passou por muita coisa que nunca achou que fosse conseguir superar. sim, voce e forte. ",1.0
6172,2017-09-16,"estou disponivel para te ouvir, conversar  e te ajudar!  ",1.0
6173,2017-09-16,nem sempre podemos controlar o que acontece com a gente. mas a partir dai podemos escolher como reagir.,0.0
6824,2018-03-24,"e daqui a pouco na avenida olegario maciel 1329 bairro lourdes, as 17:00 horas o melhor encontro jovem! nao fique de fora !  ",0.0
6825,2018-03-24,eu tenho depressao     julguem menos e ajudem mais,1.0
6826,2018-03-24,procure alguem que possa te ajudar,0.0
6827,2018-03-24,procure ajuda estamos aqui para te ajudar,0.0
6828,2018-03-24,"nem tudo esta perdido, jesus e a solucao para o seu problema. ",0.0
6829,2018-03-25,mais um concluido com sucesso!   em breve publicacoes e novidades cientificas.,0.0
6830,2018-03-25,"iniciar uma nova semana sempre nos traz a sensacao de um novo recomeco, novas oportunidades. inicie sua semana acreditando mais em voce, nao perca a fe de que para tudo existe um jeito.  ",0.0
6831,2018-03-25," essas unidades sao fisicas mesmo, mas tem o cvv (centro de valorizacao da vida), que oferece apoio online (pode ligar pro 141 ou mandar email, conversar pelo chat que tem no site deles e tals, ate pelo skype), acho que tem cvvs fisicos em algumas cidades, no site tem a lista tbm",1.0
6832,2018-03-26,"se vc pesquisar ""como se matar"" no ytb aparece o numero do centro de valorizacao da vida  que amor",1.0
6833,2018-03-26,depressao nao tem cura,1.0
6834,2018-03-26,"   respeito as mulheres no esporte, no trabalho, em qualquer lugar!",0.0
6835,2018-03-26,preparacao enem 2018. primeiras orientacoes com o psicologico fred de souza na turma da 3deg serie do ensino medio.,0.0
6836,2018-03-26,retransmissoes:  (as 10h)  (as 11h)  (as 12h)   (as 14h)  (as 14h)  (as 15h),0.0
6837,2018-03-27,agora capaz q certas pessoas entendem realmente o que e ansiedade... leiam com atencao!!!,1.0
6838,2018-03-28,"qual o sentido do chat do centro de valorizacao da vida so funcionar ate a 1h sendo q a maioria das pessoas tem crises de madrugada?  ok sei q tem gente trabalhando, mas devia ser um servico 24h, ate pq nao e toda cidade q o 141 funciona",1.0
11132,2019-02-01,"e se voce estiver precisando desabafar, ligue para o telefone 141 do cvv - centro de valorizacao da vida, que mantem um programa de prevencao ao suicidio baseado na doacao da amizade. alem disso, confie em deus, pois ele deseja a felicidade de todos os seus filhos.",1.0
11133,2019-02-02,entao vamos cumprir o ide do senhor,0.0
11134,2019-02-02,"em pensar que esses dias eu acabei chegando ao seu insta, vi suas fotos e pensei em como vc parecia feliz, tao linda e cheia de vida e agora me deparo com essa noticia. irei rezar pela sua alma, paula.   ",1.0
11135,2019-02-02," nao e a toa que esta crescendo a prevalencia de pessoas ansiosas. devido ao fato de nao conseguirem relaxar, dar conta de tudo...de viver cada momento.... ",1.0
11136,2019-02-03,e tals,0.0
11137,2019-02-03,"hoje pode ser o primeiro dia da sucessao de coisas maravilhosas que vao te acontecer, aguenta firme! ",0.0
11138,2019-02-04,hoje e o dia mundial de combate ao cancer e quero deixr um lembrete para voces mantenham habitos saudaveis para a prevencao da doenca e mantenham seus exames em dia!   #...,1.0
11139,2019-02-04,"""o cvv - centro de valorizacao da vida realiza apoio emocional e prevencao do suicidio, atendendo voluntaria e gratuitamente todas as pessoas que querem e precisam conversar, sob total sigilo por telefone, email e chat 24 horas todos os dias.""  ligue 188, espero que ajude &lt;3",1.0
11574,2019-05-06,"""os unicos que nao tem cicatrizes foram aqueles que abandonaram o combate!"" - psicologa cristina galindo.         ",0.0
11575,2019-05-06,"17.000.000 milhoes de pessoas sofrem com depressao no brasil , cerda de 2 milhoes por ano ou seja, 10% da populacao brasileira sofre desta doenca fora as que nao procuram ajuda !!!     gente , depressao mata !!",1.0
11576,2019-05-06,depressao e um inferno na terra!  cuidemos uns dos outros.,1.0
11577,2019-05-06,quando a terapeuta e firme nas palavras e fofa ao mesmo tempo. vontade de coloca-la num potinho,1.0
11578,2019-05-06,moral da historia: verifiquem sempre se tem medicamentos suficientes. //moral of the story: always check if you have enough meds.,0.0
11579,2019-05-06,"quando vc da unfollow em pessoas que nao te acrescentam, surge um sorriso? ",0.0
11580,2019-05-06,"e urgente que essa questao seja tratada com muita atencao! o indice de suicidios aumentaram muito nos ultimos anos!  se voce estiver precisando de ajuda, ligue 188 - centro de valorizacao da vida!   se eu puder ajudar... conte comigo!!",1.0
11581,2019-05-07,"sao 4 da manha e eu estou chorando pela morte de uma crianca de 18 anos que se matou enforcado dentro de casa por causa da maldita depressao, a pior doenca que existe, a gente sofre no silencio. ",1.0
11582,2019-05-07,"por favor, pelo menos tres dos meus amigos do facebook, poderiam copiar e colar essa informacao? linha de prevencao ao suicidio: 188.  alguem pode fazer?  numero da cvv - centro de valorizacao da vida e 188.",1.0
11583,2019-05-07,se vc precisa de um abraco e conversar eu estou aqui. paro minha vida pra cuidar da sua  eu te amo,1.0
11584,2019-05-07,"  aaah para gente... tinha que ser outra cor, ja temos o . poderia ser  (cor da poluicao no horizonte)",0.0
11585,2019-05-07,e o do centro de valorizacao da vida,1.0
11586,2019-05-07," pelo amor de deus nao pode ser verdade vcs rindo disso  elas falaram oq a maioria dos adolescentes sentem e nao adimitem por pura vergonha de uma sociedade nojenta dessa, as coisas afetam as pessoas de formas diferentes respeitem, depois nao venham com ",1.0
11587,2019-05-08,"gente aquele video daquelas duas meninas falando do ensino medio e lalala so acho que e um pedido de ajuda.  voces que tao zuando ai, depois n vem com  nao, que na hora de zuar ce n pensa nem duas vezes.  imagina quando e voce q ta em crise, so imagina.",1.0
17379,2020-04-05,fiz esse alerta so para reforcar  precisar de ajuda e so chamar no direct  respondo o mais rapido possivel,1.0
17380,2020-04-05,o que aconteceu ontem? a busca por terapia online aqui aumentou 1500%...,1.0
17381,2020-04-05,"pensando no que pode ser feito, uma medida simples: precisa de ajuda ou conhece alguem que precisa?   disque saude - 136 centro de valorizacao da vida - 188 central de atendimento a mulher - 180    ",1.0
17382,2020-04-05,caralho q serie,0.0
17383,2020-04-05,"serie ""sessao de terapia"" da : sensacional!! excelentes atuacao e direcao do selton mello.   ",0.0
17384,2020-04-05,"pensando se comeco a ver ,  ou se revejo , hehe.",0.0
17385,2020-04-05,"nesse periodo de quarentena, temos que aprender a tirar o melhor de cada dia, de cada situacao e de cada momento! saude mental e muito importante! aproveite o que tiver que aproveitar e se tiver que trabalhar se proteja e continue firme!   ",1.0
17386,2020-04-05,se afaste de pessoas que perturbam sua saude mental e depois reclamam que voce mudou.,1.0
17387,2020-04-05,"gente so nao se isola da cerveja, vinho e do gin. ",0.0
17388,2020-04-05,"estamos no meio de uma , e ainda que nao devamos falar unicamente sobre isso por questoes de , tem cada pauta que so por deus, viu? um amigo avisaria! ",0.0
17389,2020-04-05,a vida nos torna mais fortes a cada experiencia vivida!,0.0
17390,2020-04-06," eu tenho 16 anos  e ja sou lacradora, quero aparecer e ser famosinha ",0.0
17391,2020-04-06,"vamos manter as rotinas enquanto tivermos em quarentena, nao fique parado apenas recebendo energias negativas, se seu trabalho ou rotina nao tem como ser feito em casa, faca um curso, procure ocupar a cabeca. ",0.0
17392,2020-04-06,ontem eu liguei pro centro de valorizacao da vida e eles nao atenderam,1.0
17393,2020-04-06,"cuidar de si e cuidar com quem andas, ser seletivo e necessario, faz bem para a saudade. ",0.0
17394,2020-04-06,lembrem-se: um dia de cada vez. nao se sobrecarreguem.,0.0
17395,2020-04-06,hoje passarei o dia votando em marcela,0.0
17396,2020-04-06,"sim, a cabeca de ninguem resiste a ficar em casa sozinho e isolado. entao o que podemos fazer oara ajudar essas pessoas? e se eu sou a pessoa enlouquecendo o que eu posso fazer pra me manter vivo?  ",1.0
17397,2020-04-06,"fica  ! sai  ! vem  ! a gente vai viver ! a gente vai morrer !  em casa !   de casa ! ta dificil manter a saude, principalmente a  !!!!",0.0
17398,2020-04-06,quem e louco? e quem e capaz de dizer quem e louco?,0.0
17399,2020-04-07,"no esquema da ilustracao do tweet anterior, sao apresentadas algumas possibilidades que visam auxiliar a diferenciar situacoes que podemos exercer controle e outras onde nao e possivel, visando contribuir para a manutencao de nossa .  ",1.0
17400,2020-04-07,que tal trocar nas conversas covid19 por com vida 2020?,0.0
17401,2020-04-07,"eu entrei no centro de valorizacao da vida e eu tava em octogesimo na lista de espera, esperei tres horas e quando fui atendido, a mulher nao sabia como me ajudar :/",1.0
17402,2020-04-07,"voce ja pensou qual e a sua parcela de  responsabilidade/participacao,  nas dores, angustias e frustracoes que visitam voce diariamente?      ",1.0
17403,2020-04-07,mesmo que ninguem va sentir,0.0
17404,2020-04-07,do desespero do covid19 para o desespero de estar desempregado... assim evoluem as queixas durantes os atendimento.,1.0
17405,2020-04-07,"os episodios da ""haide"" em  sao perfeitos, me emociono em todos",0.0
17406,2020-04-07,"gente quanto mais vejo os videos, mais eu percebo que as pessoas estao ficando perdidas com esta quarentena!   ainda bem que quinta-feira tenho terapia online kkk",0.0
17407,2020-04-07,isso e violencia psicologica vcs nao podem permitir se fosse um homem fazendo isso a galera tava agitando expulsao punicao infelizmente mulheres tbm fazem isso,1.0
17408,2020-04-08,pra mim e aprender a dizer nao!,0.0
17409,2020-04-08,tinha que ter um banner no rodape dessa live com propaganda do centro de valorizacao da vida,1.0
17410,2020-04-08,e muito importante compartilhar esse tipo de informacao linha de prevencao ao suicidio: 188 (cvv - centro de valorizacao da vida),1.0
17411,2020-04-08,"assistindo a mais um episodio do  fiquei ainda mais fa e admiradora de . que atriz incrivel, meu deus!",0.0
17412,2020-04-08,"no meio ao caos , vc consegue manter o equilibrio? ",0.0
17413,2020-04-08,tem umas meninas que nao perdem a oportunidade de menosprezar ou querer humilhar outra e ai chega o fim do ano e tao la postando,1.0
17414,2020-04-08,"somos a media das 5 pessoas que convivemos. se estou em isolamento social, sou a media teorica de mim mesmo. cuido-me. ",0.0
17415,2020-04-08,cuidado com a  para nao entrar em uma crise desnecessaria em sua mente,1.0
18749,2020-08-10,"baterei na porta do vizinho que escuta radiohead no talo com a frase ""abre ai e o centro de valorizacao da vida""",0.0
18750,2020-08-10,a memoria se exercita para cultivar o bom e nao alimentar o ruim.,0.0
18751,2020-08-10,"qndo vc poe na cabeca  que quem perde n e vc,  nada mais te abala. ",0.0
18752,2020-08-10,sim faca linchamento virtual e depois venha com setembro amarelo,1.0
18753,2020-08-10,http dps vao de,0.0
18754,2020-08-10,"quem acha que sabe de algo ou de alguem , na verdade  nao  sabe de nada .   ",0.0
18755,2020-08-10,uma nao monogamia politica e essencial para trabalhar as subjetividades em psicologia clinica. .,0.0
18756,2020-08-10,tudo que se cala o corpo fala. aprenda a se posicionar quando necessario. seja gentil com voce.,0.0
18757,2020-08-10,"fechar ciclos e olhar para o passado com gratidao, aproveitar as licoes que foram aprendidas e se abrir para novas alegrias que ainda temos a viver.           ",0.0
18758,2020-08-10,a gente merecia uma  gratis,0.0
18846,2020-08-18,nem devagar  nem depressa  o improtante e ter constancia .,0.0
18847,2020-08-18," e em setembro,as mesmas pessoas que estao mandando ela se matar vao postar """" : """"",0.0
18848,2020-08-18,"terapeuta especialista em vitimas de abuso sexual, relacionamentos abusivo e baixa autoestima. tecnica: eft atendimento on-line agende uma consultoria gratuita pelo whatsapp  21980898626    ",1.0
18849,2020-08-18,ai mes que vem a galera solta textao com a   tem que ter muuuuita paciencia.,0.0
18850,2020-08-18,"a depressao pode te dizer que nada importa e nao ha esperancas.  - isso e mentira, voce importa!  a ansiedade pode te dizer que todos os seus medos sao reais.  - isso e uma mentira, voce pode ser mais forte que seus medos      ",1.0
18851,2020-08-18,"como se nada disso tivesse acontecido, como se nada disso tivesse sido real.             ",0.0
18852,2020-08-18,lembrar que qualquer coisa que custe a sua paz e cara demais.,0.0
18853,2020-08-18,"acordo as  06 da manha e primeira musica que escuto e  ""que o mesmo imperio canalha, que nao te leva a serio interfere pra te levar a lona revide"" obrigada   ",0.0
18854,2020-08-18,cada retweet e compartilhamento com um amigo e um ato de carinho.  conheca a vitalk acesse nossas conversas gratuitas e pratique o cuidado...,0.0
18855,2020-08-18,"hoje pela primeira vez enterrei um amigo, diferentemente do que imaginei, meu coracao nao esta vazio, ele esta pesado, cheio de saudade e dor  depressao nao e brincadeira centro de valorizacao da vida - ligue 188, funciona 24h",1.0
18856,2020-08-18," centro de valorizacao a vida, sao psicologos gratuitos on-line, da pra ligar, consultar on-line, tem varias formas",1.0
18857,2020-08-18,"vcs: gente tenham empatia, tratem as pessoas da mesma forma q vcs gostariam de ser tratados  ne   vcs dps: nossa bora marcar pra o grupinho sair? mas nao chama fulano, vamo excluir ele p ele se sentir mal, insuficiente e sozinho?",1.0
18858,2020-08-18,"estar com sua saude mental plena, e a melhor coisa que um ser humano pode conseguir   seja gentil com voce  aprendendo aos poucos a cultivar a sua liberdade    ",1.0
18859,2020-08-18,tenho uma lista de pessoas pra brigar se postar,0.0
18860,2020-08-19,contem 197 recursos para  e  na pandemia.,1.0
18861,2020-08-19,"homem morre em mercado, tem corpo coberto com guarda-sois, e loja segue aberta https://twitter.com/i/events/1296031760937963520  ",0.0
18862,2020-08-19,"fiz um discursinho ""nao e o hoje que importa?!"" gratidao-hipster e minha terapeuta ja me deu um tapao na fuca e falou que to andando com muito branco  ",0.0
18863,2020-08-19,"voce nunca deixa seu celular descarregar completamente, ne? tenho certeza que ao primeiro sinal do fim da bateria voce ja se compromete a coloca-lo pra carregar.  que esse cuidado tambem se estenda pra sua vida pessoal. no primeiro sinal de desanimo, recarregue-se!  ",0.0
18864,2020-08-19,ah se algumas pessoas cuidassem de si como cuidam do seu feed,0.0
18865,2020-08-19,"vi um tweet que me fez lembrar que to ha 2 meses sem medicacao (acompanhado de perto por meu psiquiatra), e sem surtos ou crises   vem ae  ",1.0
18866,2020-08-19,"eu tento ajuda as pessoas,dizendo nao ao suicidio,que isso nao e a solucao, nao se corte,desabafa cmg ,eu to aqui com voce,mas com lagrimas no olhos digo pra mim mesma , que suicidio e a melhor opcao, que se corta vai aliviar a minha dor , e que ninguem me ama . ",1.0
18867,2020-08-19,"3-as pessoas que estao crucificando o menino sao as mesmas pessoas que proximo mes estao manifestando apoio ao . pensem antes de fazer essas merda, por que isso pode acabar com a vida de alguem. e que fique claro antes de me cancelarem tambem: assedio e crime +",1.0
18868,2020-08-19,eu ja recebi menssagems assim era constante eu era novo no colegio uma menina popular brigo cmg por tipo 0 motivo coerente e dps eu fiquei mal e ela e os amg dela mandaram eu me mata dai dps eles vao td pro ig fazer,0.0
18869,2020-08-19,vai chegar setembro e as gays toxicas que fizeram piadas com saude mental o ano todo vao ficar postando  pra pagarem de desconstruidas,1.0
18870,2020-08-19,"esta chegando o ,mes de luta e valorizacao da vida e contra o suicidio, mais popularmente conhecido como o mes de desvalorizacao do trabalho do psicologo pois sao 30dias de pessoas sem nenhum conhecimento tecnico dizendo que sabem o que cura depressao.",1.0
18871,2020-08-19,"31 de agosto 23:59: odeio voce resto de aborto, se mata   1 de setembro 00:00: vamos ajudar as pessoas a nao se matarem, sou contra o suicidio  ",1.0
18872,2020-08-19,"as vezes eu fico espantado comigo mesmo , o quanto eu mudei e amadureci ideias e atitudes. hoje eu e orgulho muito do calebe que me tornei. ",0.0
18873,2020-08-19," 188 liga la, centro de valorizacao da vida. melhoras",1.0
18874,2020-08-19,aula da m4rcela no mudo,0.0
18875,2020-08-20,finalizei  e estou muito feliz,0.0
18876,2020-08-20,voce ter um trauma de infancia e algo tao toxico que afeta todos os ambitos da sua vida. eu por exemplo vou dormir feliz e acordo muito mal todos os dias. todas as manhas eu tenho pesadelos que sempre me levam de volta para tudo que eu queria esquecer.,1.0
18877,2020-08-20,"a taxa de suicidio cresceu exponencialmente com as medidas de restricao do convivio social.  ja podemos falar sobre o tema, ou temos que esperar o ?",1.0
18878,2020-08-20,"no brasil, o cvv - centro de valorizacao da vida realiza apoio emocional e prevencao do suicidio, atendendo voluntaria e gratuitamente todas as pessoas que querem e precisam conversar, sob total sigilo, por telefone (basta discar 188), email e chat 24 horas todos os dias.",1.0
18879,2020-08-20," oi, nao faz isso. voce precisa de ajuda e tem gente disposto a te ajudar. tem o centro de valorizacao da vida, liga pra la por favor 188.",1.0
18880,2020-08-20,"das memorias - associadas ao acontecimento violento -  e com isso, essas  armazenadas de forma mal adaptativa ficam gerando sintomas, que serao levadas para toda a vida"", explica.   ",0.0
18881,2020-08-20,terapia ta pau a pau com um orgasmo que voce tem atraves  do sadomasoquismo...vc sofre primeiro para ter prazer depois...kkk,1.0
18882,2020-08-20,conhece alguem que precisa de ajuda/assistencia psicologica? fala com a gente ou manda esse tweet para ela. ;)   .,1.0
18883,2020-08-20," liga p/ cvv (centro de valorizacao da vida), voce ou a propria pessoa pode ligar. o numero e 188!!! a pessoa tendo psicologico o ideal e q se ligue pra esse profissional mas na hora da crise o cvv ajuda muito. algumas plataformas e aplicativo disponibilizam apoio tbm como o insta",1.0
18884,2020-08-21,"vai passar rapido, infelizmente. mas eu to aqui pra ajudar da melhor forma que eu posso, nao se importem em me chamar nunca. pode chamar na dm e dizer desde um ""quero desabafar"" ate um ""preciso de uma amiga"". cuidem-se e se precisarem liguem no 188, centro de valorizacao da vida+",1.0
18885,2020-08-21,"o cvv - centro de valorizacao da vida realiza apoio emocional e prevencao do suicidio sob total sigilo por telefone, email e chat 24h todos os dias, nao hesitem em pedir ajuda. 188  caso precisem de ajuda ou queiram desabafar pode me chamar pela dm tambem, fiquem todos bem ",1.0
18886,2020-08-21,"me conhecendo ou nao, se precisar de ajuda pode me chamar. vc nao esta sozinho! nao sera incomodo nenhum. se preferir chame algum amigo ou familia mas pvf chame alguem! vc vai conseguir passar por isso, nao sofra calado.",1.0
18887,2020-08-21,"setembro amarelo ta chagando, eu so quero ver as pessoas que propagam o odio na internet postando sobre ",1.0
18888,2020-08-21,"ta chegando o mes em que escolas comecam a ajudar as pessoas,os pais e amigos comecam a se preocupar.  //o mes de ajudar e todos os dias ",1.0
18889,2020-08-21,"se nao quiserem me chamar, ou conversar com alguem q vc conheca na vida ou aqui no twitter, 188 e o numero do centro de valorizacao da vida, por favor nao hesite em ligar...",1.0
18890,2020-08-21,"voces que estao ate hoje, buscando melhorar a sua relacao com a alimentacao: nao usem a comida como compensacao, para as criancas sob a sua responsabilidade. a sua luta de hoje nao precisa ser a dos seus no amanha.     ",0.0
18891,2020-08-21,"e isso mesmo, querida! voce merece, me representa!   ",0.0
18892,2020-08-21,ginasio para muitos nao e somente uma questao de estetica !!   e sim um remedio !!    depoimento de uma aluna online !!,0.0
18893,2020-08-21,perder o interesse em tudo porque voce esta triste e o pior sentimento,1.0
18894,2020-08-21,faca seu contato conosco:   (21) 99586-0783  contato@clinicademedicinadaalma.com.br,0.0
18895,2020-08-21,tem o numero 188 que e do centro de valorizacao da vida que existem pessoas prontas p ouvir e ajudar nesses casos   indiquem formas de ajudar e deem o maximo de suporte amor e carinho,1.0
18896,2020-08-21,"o cvv - centro de valorizacao da vida realiza apoio emocional e prevencao do suicidio, atendendo voluntaria e gratuitamente todas as pessoas que querem e precisam conversar, sob total sigilo por telefone, email e chat 24h todos os dias 188.    ",1.0
18897,2020-08-21,"voce merece ajuda. merece segundas, terceiras e enesimas chances de ver que o mundo tem mais do que apenas as sombras que te perseguem.  voce e incrivel. e merece as coisas mais incriveis que o mundo tem.  188 -- centro de valorizacao da vida.",0.0
18898,2020-08-21,"cvv(centro de valorizacao da vida):voce e atendido por um voluntario,com respeito, anonimato,que guardara estrito sigilo sobre tudo que for dito e de forma gratuita.os voluntarios sao treinados para conversar com todas as pessoas que procuram ajuda e apoio emocional.",1.0
18899,2020-08-21,"o cvv - centro de valorizacao da vida realiza apoio emocional e prevencao do suicidio, atendendo voluntaria e gratuitamente tds as pessoas que querem e precisam conversar, sob total sigilo. ligue: 188 ""voce nao esta sozinho. voce e necessario. voce e amado.""-jxdn ",1.0
18900,2020-08-21,se voce precisa de ajuda ligue 188 - cvv: centro de valorizacao da vida,1.0
18901,2020-08-21,"existem diversas formas de entrar em contato com eles, uma delas e atraves do cvv (centro de valorizacao da vida), e so ligar 188.",1.0
18902,2020-08-21," kkkkkkkkkkkkkkk ei man se tiver dificil a vida desiste nao ligue 188'centro de valorizacao da vida, la vc vai ter alguem pra te ouvir",1.0
18903,2020-08-21,"o cvv - centro de valorizacao da vida realiza apoio emocional e prevencao do suicidio, atendendo voluntaria e gratuitamente todas as pessoas que querem e precisam conversar, sob total sigilo por telefone, email e chat 24h todos os dias 188 .",1.0
18904,2020-08-21,"uma crise sem preparo profissional pra isso. pecam que a pessoa ligue para o 188 (centro de valorizacao da vida). mas, mais uma vez eu digo, tomem cuidado para nao piorar uma situacao que ja e complicada.",1.0
18905,2020-08-21,"pessoal eu sei que intencao de todos e ajudar,mas quando alguem te chamar na dm,falando que esta mal psicologicamente,trate a pessoa bem converse com ela, mas sempre a instrua a procurar um profissional,ou discar 188(centro de valorizacao da vida)",1.0
18906,2020-08-21,aqui em moz tem centro de valorizacao da vida?,1.0
26043,2021-01-05,em 2021 a campanha esta convidando o mundo a um pacto pela saude mental!  podemos contar com voce neste pacto em beneficio de cada um de nos e de todo mundo ao mesmo tempo?,1.0
26044,2021-01-05,e uma campanha em prol da saude mental. tenha bons habitos e viva mais bem.,1.0
26045,2021-01-05,"""por isso, nao abram mao da confianca que voces tem; ela sera ricamente recompensada"".   hebreus 10.35  bom dia! espere confiante no senhor. ele e o mesmo ontem, hoje e sempre!   ",0.0
26046,2021-01-05,pqp delibal acabou comigo. pq diacho foi me envolver com filmes turcos agora. e esse mexe comigo pq passei por isso ano passado. ainda e dificil esquecer. depressao mata,0.0
26047,2021-01-05,aproveite a oportunidade para cuidar de voce e busque se informar na ubs da sua regiao sobre o tema.,1.0
26048,2021-01-05,o afeto nos humaniza!,0.0
26049,2021-01-05,seria loucura desistir e mudar drasticamente a direcao?,1.0
26050,2021-01-05,"eu nao serei uma  eu nao serei suicida, nao vou cometer suicidio.   ",1.0
26051,2021-01-05,dps vc usa a tag de  ne seu filho da puta hipocrita do crlh,0.0
26052,2021-01-05,"nossaa comecei a dancar.. meu quero aprender a dancar e dancar sempre. eu seempre amei danca fiz quando crianca e parei, mas sempre me emocionava sabe assistir. danco mal por vergonha ou sei la ..  quero aprender sinto que vou me apaixonar mais     ",0.0
26053,2021-01-05,quero ser o melhor que eu posso ser pra deus e para mim! parar de me auto sabotar e procrastinar.,0.0
26054,2021-01-05,"hj em dia parece q so existem 2 grupos q opinam sobre seu diagnostico: os ""ah, isso vc nao tem nao, ate parece!"" e os ""ah, e so ter forca de vontade q vc cura isso, fulano tinha e hj e empresario, tres filhos, dois carros"". nao existe empatia, compreensao, bom senso. ",1.0
26055,2021-01-05,"vc faz mestrado, pos,... pra dancar txutxucao com os usuarios? isso, exatamente pra isso!       ",0.0
26056,2021-01-05,liga 188 - centro de valorizacao da vida,1.0
26057,2021-01-05,"tambem nao as julguem.  bom e isso, espero que a thread tenha sido relevante e que possa ajudar alguem de alguma forma, ou apenas conscientizar.  se alguem precisar conversar meu pv estara aberto para todos, ou ligue para 188 (cvv; centro de valorizacao da vida)",1.0
26058,2021-01-05,france: call 09 72 39 40 50 (s.o.s. amitie) call 01 45 39 40 00 (suicide ecoute)  bahamas call (242) 328-0922 (bahamas crisis centre)  brazil call 188 (centro de valorizacao da vida)  italy call 199 284 284 (telefono amico italia),0.0
26059,2021-01-05,"meus tweets flopam e eu to cagando pra isso, mas pra quem ver isso e se sente perdido, saiba que vc e incrivel e existe o site centro de valorizacao da vida que funciona 24hrs via telefone, chat ou email, e minha dm ta sempre aberta tbm, vc nunca incomoda.",1.0
26060,2021-01-05,"nos da cg vale abracamos a causa mundial do , mes de conscientizacao e prevencao a saude mental.   inicie o ano prestando o devido cuidado para alem do fisico, de atencao para o seu psicologico, principalmente nesse momento de pandemia e incentive outras pessoas (+)",1.0
27572,2021-03-13,fazendo um exercicio antes do toque de recolher,0.0
27573,2021-03-13,"na boa, eu acho um absurdo o programa proibir os participantes de continuarem medicacao pra  durante o programa mas deixa os fumantes manterem o vicio e ate dao cigarro pra eles.    ",1.0
27574,2021-03-13,"o sol esta a 150 milhoes de km  da terra. mas sinto o calor dele na minha pele.  entao tambem posso sentir o calor de voces.  distantes, porem unidos.         ",0.0
27575,2021-03-13," e o centro de valorizacao da vida amor, vc liga pra la quanro ra muito mal e eles te atendem e tentam te ajudar, so tem q aguardar numa filinha",1.0
27576,2021-03-13," e aquele filme que te prende durante o tempo todo, mas tem um final meio decepcionante. a exploracao de idosos da forma que e tratada e triste, mas a justica acontece.",0.0
27577,2021-03-13,marla grayson se fudeu no final kkkkkkkk adorei.,0.0
27578,2021-03-13,"hoje vimos ""eu me importo"" da netflix. gostei bastante. vi algumas pessoas reclamando que perderam 2h da vida. achei bem bom.  ",0.0
27579,2021-03-13,voces sabem que ser profissional da saude e ta chovendo canivete e a gente ser o guarda chuva   covid-19 l,0.0
27580,2021-03-13,nao aguento mais ler e ouvir noticias de pessoas mortas e doentes.  nem as redes sociais estao salvando.,1.0
27581,2021-03-13,"nossa ainda bem que voce me avisou que minha familia me ama e por isso eu nao devo sentir vontade de morrer, agora que eu tenho essa informacao minha vontade de viver subiu para 100%    ",1.0
27582,2021-03-13,"""a depressao consiste na expectativa frustrada de nao ser o que e, ja a felicidade se revela na aceitacao de ser quem e""   ",1.0
27583,2021-03-13,comecar o dia com gente assistindo video sobre outras possiveis pandemias mortais,0.0
27584,2021-03-13," me decepcionou demais com  !! de 01:27:00 ate a ultima cena o filme e totalmente incoerente.... sem contar que a marla pode ate ser a personagem principal, mas o ranco.... sinto muita pena da rosamund pike ter gastando seu talento com isso!",0.0
27585,2021-03-13,"gente  e bom demais.   o filme vai tendo mil reviravoltas ate o final, tem acao, inteligencia e ainda e engracado.   tudo",0.0
27586,2021-03-13,camila pitanga perfeita na serie .,0.0
27587,2021-03-13,"nossa o selton mello e gato ne?  na verdade e o meu numero, nunca tinha reparado nisso antes!  ",0.0
27588,2021-03-13,todo sabado de manha tenho terapia. e o momento que me dou junto a um profissional para cuidar do que me afligiu durante a semana.,1.0
27589,2021-03-13,aquele filme  na  vale a pena ein mto bom,0.0
27590,2021-03-13,filme com a menor nota que ja vi na vida,0.0
27591,2021-03-13,esses dentes de rosamund pike foi so pdo filme ou ela ta usando na vida real? ta feio demais,0.0
27592,2021-03-13,o tedio do sabado !,0.0
28032,2021-04-03,se acomodar com coisas que incomodam  esta ai um dos maiores perigos pra saude mental.,1.0
28033,2021-04-03,vale lembrar amiga que voce assiste um programa lixo como o big brother ne ? enquanto um live tem como 2 objetivoa arrecadar ajuda para.os trabalhadores do segmento e oxigenar a cabeca dos brasileiros atordoados c tanta noticia ruim.,0.0
28034,2021-04-03,"e voces que vivem reclamando de autoestima no tt, ou do quanto andam tristes, desanimados, com vontade de morrer ou sei la, por favor procurem ajuda profissional.  minha perspectiva de vida melhorou bastante fazendo terapia.    ",1.0
28035,2021-04-03,eu trouxe a bike da  para minha casa. agora temos um pouco de movimento para esses dias sombrios de quarentena!,0.0
28036,2021-04-03,enquanto o cego nao tem nada! . .,0.0
28037,2021-04-03,a yag ja ta pouca desgracada da cabeca ai ela vai la e assiste  no,0.0
28038,2021-04-03,dia da mentira ja passou... mas quantas mentiras voce continua contando a voce que atrapalham seu autocrescimento? . . . . . . .,0.0
28039,2021-04-03,"ha tempos queria pintar a casa, tava precisando e muito. nossa, muito alem da estetica devo dizer que isso tem me salvado. metam tinta nas paredes, e extremamente terapeutico.   ",0.0
28040,2021-04-03," fica assim nao moca, se tiver precisa desabafar e quiser ajuda de um profissional liga pro 188 o centro de valorizacao da vida, funcionam 24h",1.0
28362,2021-04-23,"passei o filme todo com ranco da marla. nao consegui ter empatia por ela, mereceu o fim que teve.   ",0.0
28363,2021-04-23,"psicologa clinica | pos graduanda em neuropsicologia | crp 08/27543 ""de uma chance para voce mesmo, cuidar da sua saude mental e muito importante, faca psicoterapia!""    ",1.0
28364,2021-04-23,"sabado agora nao e mais dia de folia, de descanso, de piscina, de danca. meus sabados de manha sao de atendimentos a pessoas enlutadas, deprimidas, ansiosas, ou que querem ter um momento mara de autoconhecimento ",1.0
28365,2021-04-23,e nesses casos que eu recomendo a pessoa a ligar no 188 - centro de valorizacao da vida. tenho ctz que vai ter gente com capacidade para conseguir te ajudar la,1.0
28366,2021-04-23,lembrando de todas as vezes que entrei em contato com o centro de valorizacao da vida,1.0
28367,2021-04-23,centro de valorizacao da vida coisa contra o suicidio,1.0
28368,2021-04-23,"a vida e sobre isso, nossas projecoes sao problemas nossos, nao do outro. e por maior que seja o esforco, nem td vai sair como eu quero. vou fazer um mantra disso e colar no cerebro pra nao me estressar. eu que lute pela minha ",1.0
28369,2021-04-23,corte interamericana de derechos humanos discute caso de damiao ximenes lopes,0.0
28370,2021-04-23,"situacion no servizo galego de saude: hoxe o meu psiquiatra derivoume a psicoloxia con cita preferente.  preferente= setembro  a  e  tenen que facer algo para que a saude mental non sexa o ultimo mono, moita xente precisa dela.   ",0.0
28371,2021-04-23,quando voce percebe que se nao tiver proposito de vida nao ha porque esta vivo!,1.0
28372,2021-04-23,"como dizia gonzaguinha: nao da pra ser feliz! se a felicidade sempre foi privilegio, num tempos desses e quase uma doenca. se vc ta com algum desconforto ultimamente e porque vc ta vivo.    ",0.0
28373,2021-04-23,"depois de falar mal de mim, por favor ""ore por mim"". quero ser perfeita assim como voce!           ",0.0
28374,2021-04-24,"um dia desses, li em um perfil de frases motivacionais: ""com o tempo voce percebe que deve se libertar de algumas pessoas, pois elas nao servem pra nada."" percebi que algumas pessoas entendem outras como utilidade. perverso.     ",0.0
28375,2021-04-24,"eu nao aceito a marla morrer pra um ze ninguem, se fosse pelo menos pelo bandidao. que odio  ",0.0
28376,2021-04-24,passar salmoura nos buraco agr,0.0
28377,2021-04-24,"  ""tem muita gente sentindo...fome "".. cansaco mental e ate.."" desespero ""..pos covid-19...vamos falar sobre os impactos do.."" genocida no governo  ",1.0
28378,2021-04-24,espero que a terapia seja cada vez mais acessivel para as pessoas e que todos possam reconhecer quando ha necessidade de fazer,1.0
28379,2021-04-24,falar so e terapeutico quando a escuta e qualificada,1.0
28380,2021-04-24,"faca algo por voce!  aproveite esse sabado, alimente se bem, descanse, assista sua serie favorita.... enfim, curta como voce preferir!    ",0.0
28381,2021-04-24," prevencao ao suicidio:  ligue 188    centro de valorizacao da vida. o cvv realiza apoio emocional e prevencao ao suicidio.  voce nao esta sozinhe, sua vida e importante e preciosa! se precisar conversar minha dm esta aberta.",1.0
28382,2021-04-24,"comecei a fazer caminhada com o mozao, em um dia de caminhada ja notamos os niveis de estresse diminuindo, o humor melhorando, so e um pouco dificil caminhar com mascara, mas e necessario.      ",0.0
28383,2021-04-24,"na terapia aprende-se a ser mais forte que o perigo, a ter mais foco, a fabricar novas coragens. e com isto, voce se apodera da missao de salvar a si mesmo todos os dias. voce se torna seu proprio heroi.     ",1.0
28384,2021-04-24,terapia: ou voce faz ou voce precisa fazer. em 2021? e questao de sobrevivencia!   me julguem!,1.0
28385,2021-04-24,estou aborrecida com o meu proprio tedio.,0.0
28386,2021-04-25,eu vou ficar completamente bebada. fumar uns trem. a ver spiderman no spiderverso.,0.0
28387,2021-04-25,":  "" na  "" ; consegue identificar criterios de avaliacao para diagnostico de psicopatologia no sujeito identificado no perfil desta sequencia? este inquerito e anonimo. o inquerito esta disponivel por seis dias. obrigada pela colaboracao.",1.0
28388,2021-04-25,"eiii, voce ai que esta lendo agora!   como esta a sua saude mental?   se precisar de ajuda, converse, converse comigo ou com alguem da sua confianca. sao tempos dificeis, toda ajuda e bem vinda!  ",1.0
28389,2021-04-25," encontre ajuda fale com um profissional hoje centro de valorizacao da vida disponivel 24 horas por telefone e no seguinte horario por chat: dom - 17h a 01h, seg a qui - 09h a 01h, sex - 15h as 23h, sab - 16h a 01h. saiba mais",1.0
28390,2021-04-25," prevencao ao suicidio:  ligue 188    centro de valorizacao da vida. o cvv realiza apoio emocional e prevencao ao suicidio.  voce nao esta sozinhe, voce e forte. minha dm esta aberta para conversarmos",1.0
28391,2021-04-25," o centro de valorizacao da vida realiza apoio emocional e prevencao do suicidio, atendendo voluntaria e gratuitamente todas as pessoas que querem e precisam conversar, sob total sigilo por telefone, email e chat 24 horas todos os dias. ligue 188   voce nao esta sozinho ",1.0
28392,2021-04-25,"  centro de valorizacao da vida disponivel 24 horas por telefone e no seguinte horario por chat: dom - 17h a 01h, seg a qui - 09h a 01h, sex - 15h as 23h, sab - 16h a 01h. saiba mais 188",1.0
28393,2021-04-25,sabia que se voce pesquisar qual o jeito menos doloroso de se matar aparece o numero do centro de valorizacao da vida?,1.0
28394,2021-04-26,voce precisa ser egoista.,0.0
28395,2021-04-26,lembranca do insta hj e qnd eu era voluntaria do cvv mermao era varios atendimentos bizarros mas era totalmente gratificante saber que ajudei salvar algumas vidas,1.0
28396,2021-04-26," se voce ou alguem que voce conhece esta em risco de automutilacao ou suicidio, procure ajuda o mais rapido possivel entrando em contato com agencias especializadas em intervencao em crises e prevencao de suicidio. ligue para o centro de valorizacao da vida - 188 !",1.0
28397,2021-04-26,"converse com as pessoas que voce ama e confia.   se nao se sentes a vontade... como foi no meu caso, contate o centro de valorizacao da vida (cvv)  ligue 188.  nao cale seu grito de socorro. sua dor pode ser ouvida, voce nao precisa se tornar dormente.  todas as vidas importam!",1.0
28398,2021-04-26,prevencao ao suicidio:  * ligue 188 !!  - centro de valorizacao da vida. -    o cvv realiza apoio emocional e prevencao ao suicidio. ele esta disponivel 24 horas por dia e e sigiloso.,1.0
28399,2021-04-26,"ola! vamos falar sobre autocuidado? existem muitas maneiras de se cuidar como, por exemplo, o cuidado fisico e tambem o financeiro. alem disso, tambem existem os cuidados psicologico e emocial que sao tao importantes quanto todos os outros tipos.   ",1.0
28400,2021-04-26,"sinto que cheguei no nivel hard da minha terapia. a cada sessao me deparo com novos confrontos, passo dias refletindo e mergulho cada vez mais dentro de mim. e desafiador, mas, extremamente necessario.   ",1.0
28401,2021-04-26,"bom dia segunda-feira...  tente fazer afirmacoes positivas ao acordar...  ""cuido da minha saude fisica, mental e espiritual"" ""agradeco pela oportunidade de viver este novo dia"" apegue-se ao que te faz bem     ",0.0
28402,2021-04-26,por que sera que  deu para as mulheres uma  de elefante que se lembra como se fosse ontem cada ofensa e cada palavra que machucou? uma memoria  quase fotografica! eu queria  e esquecer pra sempre.,0.0
28403,2021-04-26,"habitos como respeitar os proprios limites, ser responsavel com as proprias acoes e fazer psicoterapia sao otimos recursos para o autocuidado, principalmente do ponto de vista psicologico e emocial.    ",1.0
28404,2021-04-26,"o ressentimento e quando, atraves de nossa memoria, ficamos sentindo novamente aquilo que sentimos em situacao passada. o problema do ressentimento e que ele nos impede de ter novos sentimentos em relacao as pessoas e a novas situacoes. com ele vivemos no passado... ",0.0
28405,2021-04-26,mandando texto positivo no insta dela depois falando essa asneira,0.0
28406,2021-04-26,duda: vo acordar morta antonip: vc nao vai acordar vc vai ta morta,0.0
28407,2021-04-26,"carater e quem somos por tras das pessoas, nao na frente. esquecer que tinha dezenas de cameras ligadas? proposital ou ato falho?   ",0.0
28408,2021-04-26,"""a vida infringe os mesmos contratempos e tragedias nos otimistas e nos pessimistas, mas os primeiros resistem melhor.""  martin seligman   ",0.0
28409,2021-04-26,"caminhada ok, vitamina d ok, alivio pra saude mental ok.  ",0.0
28410,2021-04-27,"sao tantas coisas, acontecendo o tempo todo, e eu mais uma vez aqui, escrevendo pra me curar.  ",1.0
28411,2021-04-27,"ja se olhou no espelho hj e admirou a perfeicao q vc e? ce n, oq ta esperando??? vao la e faca vcs msms se sentirem bem!  ",0.0
28412,2021-04-27,o amor da sua vida e voce. cuide-se!,0.0
28413,2021-04-27,"se vc faz terapia, em algum momento podera ser chamada de egoista. isso pq algumas pessoas nao admitem perder o posto de prioridade de sua vida.  fazer terapia nao e egoismo e revolucao!     ",1.0
28414,2021-04-27,nao ha uma linha cientifica que prove que pessoas que disponham de conforto e bens materiais nao possam sofrer de depressao ou de ansiedade.,1.0
28415,2021-04-27,bem necessario o tema do profissao reporte de hoje!!!,0.0
28416,2021-04-27,"se atualmente voce nao sente necessidade, ainda assim, voce pode fazer terapia, para: 1. se conhecer melhor 2. nao se tornar o motivo de alguem precisar de terapia     ",1.0
28417,2021-04-27,"ansiedade e depressao esta afetando criancas, adolescentes, adultos e idosos.    ",1.0
28418,2021-04-27,esse  esta so a minha realidade na clinica com a/os jovens,1.0
28419,2021-04-27,profissao reporter mostrando a realidade do pais,0.0
28420,2021-04-27,"caro diario, hoje, no 401o dia de confinamento, discuti com meu gato porque ele conjugou errado o miado quando pediu comida. o correto e ""miaaau"", e nao ""miaau"". parece loucura, ne?        ",0.0
28421,2021-04-27,"pessoal, agora um tema de extrema importancia. assistam o  ",0.0
28422,2021-04-27,"a palavra que sai ou a que fica, e sempre dita. as nao ditas para fora, costumam ficar dizendo para dentro.     ",0.0
28423,2021-04-27,"seja uma pessoa dificil, chata, complexa.  nao seja alguem metida a perfeita, complexada.       ",0.0
28424,2021-04-27,psicologia e a luz do mundo   esse e o twitter,0.0
28425,2021-04-27,"mais do que cuidar da beleza exterior, cuidem de sua saude interior, do seu emocional, pois e ai de dentro que vem a beleza mais linda que existe! -se  ",1.0
28426,2021-04-27,cheguei no auge da vida em que posto alguma coisa sobre minha saude mental nos stories e um monte de psicologos comecam a me seguir.    nao temos.,1.0
28427,2021-04-27,tem horas que vc so quer sumir das redes!,0.0
28428,2021-04-27,"bem, isso se chama imaturidade. mas sera que voce nao cresceu por que nao quis? nao! voce esta onde esta porque foi tudo o que deu para fazer, era tudo o que voce sabia e podia fazer. ",0.0
28429,2021-04-27,quanto melhor a pessoa parecer que esta por fora por dentro esta com um psicologico completamente fudido,1.0
28430,2021-04-27,tem q combinar com ele pra nao fugir pra paris antes do 1ro turno porque no 2ndo ele nao vai....,0.0
28431,2021-04-27,toda vez que eu jogo baleia azul no search aparece em cima negocio de centro de valorizacao da vida sempre esboco vo si mija,1.0
28432,2021-04-27,"os problemas nao vao parar de chegar pq vc esta ansioso/depressivo. a vida nao vai dar um descanso quando voce esta mal.  portanto optar pela saude mental nao e uma forma de cuidado, mas sim de sobrevivencia.   ",1.0
28433,2021-04-27,centro de valorizacao da vida de um emprego a este jovem,1.0
28434,2021-04-27,ainda nao superei essa .,0.0
28435,2021-04-27,"adote gestos conscientes de bondade. inumeras pesquisas demonstram que atos de altruismo, generosidade voltada tanto a amigos quanto a estranhos, reduzem o estresse e contribuem para uma melhor saude mental    ",0.0
28436,2021-04-28,"""perder-se tambem e caminho"" (clarisse lispector)   ",0.0
28437,2021-04-28,"tuite do meio dia!   voce precisa se sentir feliz pelo que voce tem, e onde voce esta, nao importa onde e como esteja, sua felicidade deve ser ai.            ",0.0
28438,2021-04-28,"pode haver ainda um efeito psicologico. a  pode provocar sentimentos como ansiedade, incerteza e medo, fatores que podem comprometer a  de todos que a vivenciam.",1.0
28439,2021-04-28,nao pare de andar!      #,0.0
28440,2021-04-28,"as incertezas em relacao ao futuro e a inseguranca no trabalho, somados a jornadas exaustivas, atividades estressantes, discriminacao e metas abusivas, por exemplo, tem levado varios trabalhadores ao limite da .",0.0
28441,2021-04-28,"referencia: wright, j. h., basco, m. r., &amp; thase, m. e. (2008). aprendendo a terapia cognitivo-comportamental: um guia ilustrado. porto alegre: artmed.           ",0.0
28442,2021-04-28,"a ideia central sobre se relacionar e estar com alguem que venha pra somar, que te motive a ser uma pessoa melhor a cada dia, nao com uma pessoa que te diminui, destroi o seu emocional e ainda complica a sua vida.      ",1.0
28443,2021-04-28,hoje e so agradecimento! ....,0.0
28444,2021-04-28,estou orando por bolsonaro porque sou uma pessoa de bom coracao. ore voce tambem   salmo 109:8  amem,0.0
28445,2021-04-28,"o post de hoje e em parceria com o , grupo de apoio psicopedagogico do icmc, que pode ser seu apoio em todos os momentos da graduacao!  voce nao esta sozinho e o icmc agora e sua casa! o pet computacao e o gapsi estao sempre de portas abertas!    ",1.0
28446,2021-04-28,viver com ansiedade afeta mais ainda a vida quando nao ha um apoio por parte da familia. isso afeta muito os relacionamentos e o estado emocional do ansioso.,1.0
28447,2021-04-28,"logo quando eu abrir os olhos nessa manha, eu sentir como se tivessem aberto meu peito durante a noite, e alguem tivesse colocado uma pedra enorme la dentro de tanta dor que eu estava sentindo...   ",1.0
28448,2021-04-28,"um ,  campea,  dando exemplo de como nao ser um ministro da economia, , relacoes pessoais ""estranhas"",  materia sobre ,  ... perdao intensidade todas as vezes q duvidei de ti e tira a ansiedade pfvr",0.0
28449,2021-04-28,tmj e nois que voa mlk,0.0
28450,2021-04-28,eu voto sim pelo fim da minha ansiedade.,1.0
28451,2021-04-28,ao menor sinal de depressao busque ajuda profissional. sua vida vale muito e impacta positivamente muitas pessoas. nao deixe que os momentos ruins apaguem o brilho de sua jornada.  se precisar conversar pode me chamar ou ligue 188 (cvv - centro de valorizacao da vida),1.0
28452,2021-04-28," fala, caldas. nos levamos esse assunto muito a serio. por isso, recomendamos que entre em contato com instituicoes idoneas, como o cvv - centro de valorizacao da vida, telefone 188. eles possuem pessoas qualificadas que poderao dar o auxilio necessario. obrigado.",1.0
28453,2021-04-28,ligue 188 - cvv centro de valorizacao da vida.  o cvv realiza apoio emocional e prevencao ao suicidio  voce nao esta sozinho(a),1.0
28454,2021-04-28,o tempo gasto consigo mesmo e o melhor tempo.,0.0
28455,2021-04-28,amg perfeito,0.0
28456,2021-04-28,"sobre erros:   ha momentos onde se deve questionar: ""o que eu fiz de errado?"", e a momentos onde a questao real e: ""eu fiz algo errado?""   voce sabe diferenciar o momento em que cada pergunta deve ser feita?      ",0.0
28457,2021-04-28,precisamos fazer alguns encontros aqui em  para falamos sobre os impactos da pandemia na saude mental dos adolescentes/adultos cametaense... pois tenho certeza que nao e so eu que preciso disso no momento.,1.0
28458,2021-04-29,lembrete!  psicoterapia e 10% tecnicas e ferramentas e 90% vinculo.,1.0
28459,2021-04-29,"deus, so uma sugestao: alem de um anjo da guarda o senhor poderia dar as pessoas tambem um terapeuta para chamar de seu. ",0.0
28460,2021-04-29,"informacao nao e formacao!! voce pode ter informacoes a respeito de um assunto, mas isso nao te faz especialista nele, busque ajuda profissional! sua saude agradece!!   ",0.0
28461,2021-04-29,psicologo tambem faz terapia e hoje e o meu dia!,1.0
28462,2021-04-29,"ei vamos dar importancia ao suicido?  a cvv ( centro de valorizacao da vida) realiza apoio emocional e prevencao do suicidio atendendo voluntariamente grata aumente todas as pessoas que querem e precisam conversar,sob total sigilo por telefone, e-mail, chat e voip 24 horas+",1.0
28463,2021-04-29,a pandemia veio e mexeu primeiro  com a saude fisica e depois com a saude mental de todos. como conciliar tudo? como voce faz?,1.0
28464,2021-04-29," o centro de saude de  contara cunha unidade de saude mental para os vecinos da bisbarra dende a vindeira semana. estara formada por 5 profesionais e dara asistencia aos concellos de ordes, , ,  e ",1.0
28465,2021-04-29,"esse dialogo da  e o  super util, se liguem ai  ",0.0
28466,2021-04-29,"o auto cuidado e uma necessidade e uma prioridade, nao um luxo.   ",0.0
28467,2021-04-29,"se sentiu paz, a escolha foi certa.        ",0.0
28468,2021-04-29,to exausto hj vou comer doce e acabar de ver o doc,0.0
28469,2021-04-29," e importante comecarem a postar algo sobre depressao, setembro amarelo ainda hj antes da proxima eliminacao e formacao. so demonstram empatia e apoio no tal setembro amarelo. nao, e o ano todo q passamos por isto. muitos desistem da luta.    ",1.0
28470,2021-04-29," mano, e o centro de valorizacao da vida, mimha amiga ta pensandk em se m, eu to esperando pra falar com o atendente",1.0
28471,2021-04-29,kjkkkkkkkk o numero levou pro centro de valorizacao da vida,0.0
28472,2021-04-29,vamos acompanhar de perto esse processo para garantir que a populacao da zona oeste tenha acesso aos seus direitos.   nao existe saude sem saude mental.,1.0
28473,2021-04-29," nao se resolve com um convite para ""tomar uma"" ou um simples ""relaxa que vai passar.""     ",0.0
28474,2021-04-30,voce sabia que as pessoas tem o direito de nao concordar com voce?,0.0
